"gc","map"
0.383493,0.322328
0.572853,0.791851
0.558315,0.884293
0.56471,0.93609
0.478991,0.907993
0.472349,0.92423
0.516295,0.863725
0.477805,0.907006
0.44551,0.832066
0.501478,0.821503
0.480842,0.836033
0.500389,0.843034
0.444586,0.778375
0.450032,0.420151
0.449915,0.903229
0.483763,0.874182
0.47616,0.732626
0.502632,0.776886
0.497501,0.940385
0.471745,0.89613
0.460951,0.874077
0.483198,0.825122
0.494368,0.870534
0.460703,0.858537
0.469168,0.833568
0.477051,0.809671
0.486303,0.832684
0.485994,0.815781
0.453068,0.764189
0.472682,0.838241
0.4824,0.916925
0.473162,0.857417
0.472912,0.828911
0.458974,0.841766
0.448007,0.930721
0.423899,0.844873
0.484499,0.837519
0.472904,0.924176
0.454738,0.877558
0.45828,0.835223
0.444053,0.827244
0.462513,0.885827
0.424445,0.904312
0.474952,0.857371
0.465378,0.900832
0.426324,0.80093
0.456794,0.818946
0.460638,0.773487
0.415183,0.887426
0.375698,0.907663
0.400626,0.859637
0.411078,0.835996
0.423526,0.844429
0.472964,0.863413
0.484937,0.883929
0.412484,0.874129
0.404437,0.913784
0.406106,0.93807
0.417019,0.904296
0.402909,0.909714
0.385882,0.889769
0.399863,0.92154
0.407032,0.840304
0.403546,0.874828
0.406266,0.908959
0.392518,0.895792
0.377629,0.868689
0.409001,0.874021
0.386797,0.905815
0.361758,0.873948
0.376104,0.889032
0.361607,0.890108
0.347652,0.93211
0.351923,0.910241
0.364474,0.917167
0.376241,0.876177
0.386777,0.877923
0.388185,0.902334
0.372289,0.854873
0.356941,0.907598
0.350435,0.890989
0.366426,0.924703
0.366172,0.917005
0.37378,0.779464
0.389103,0.922043
0.387141,0.906222
0.381598,0.864725
0.392309,0.864601
0.377494,0.944186
0.397117,0.828339
0.385798,0.893372
0.407923,0.843633
0.39335,0.849653
0.406351,0.833364
0.416842,0.876836
0.382657,0.895477
0.373281,0.899367
0.352766,0.899127
0.363084,0.943365
0.37732,0.881685
0.381488,0.890117
0.372385,0.878874
0.348059,0.906792
0.346655,0.813496
0.35145,0.799227
0.343689,0.879944
0.354667,0.898374
0.379185,0.930491
0.400371,0.804091
0.461673,0.836144
0.44449,0.892811
0.422376,0.892843
0.433896,0.905474
0.399391,0.818504
0.40631,0.863113
0.417383,0.885617
0.430699,0.905101
0.405655,0.858765
0.380234,0.902176
0.416368,0.853461
0.406162,0.676159
0.400204,0.388902
0.393768,0
0.392079,0
0.395348,0
0.068754,0
0,0
0,0
0,0
0,0
0,0
0,0
0,0
0,0
0,0
0,0
0,0
0,0
0,0
0,0
0,0
0,0
0,0.209332
0.341358,0.234751
0.422701,0.351559
0.431143,0.589284
0.417593,0.540639
0.411376,0.576842
0.415429,0.189714
0.421592,0.480457
0.436892,0.785777
0.457418,0.831099
0.415153,0.858578
0.45401,0.834438
0.466412,0.830778
0.47334,0.766894
0.506252,0.870036
0.421134,0.869491
0.391838,0.863456
0.409896,0.87677
0.439267,0.850368
0.445865,0.776093
0.413776,0.887004
0.376521,0.907614
0.39355,0.902614
0.421042,0.900915
0.403256,0.857921
0.418833,0.897919
0.403289,0.88684
0.382559,0.88411
0.377384,0.868513
0.398081,0.860229
0.381289,0.88731
0.394578,0.817153
0.38349,0.818632
0.429636,0.915424
0.39084,0.905647
0.407645,0.903366
0.396618,0.871608
0.411205,0.829159
0.409752,0.885173
0.433756,0.892214
0.419196,0.891557
0.411886,0.897775
0.398329,0.894222
0.379159,0.881046
0.366564,0.895129
0.357207,0.896398
0.343402,0.917619
0.339514,0.902051
0.335929,0.938011
0.3442,0.911355
0.361782,0.904367
0.363943,0.901065
0.344954,0.910932
0.341983,0.915976
0.348899,0.850368
0.36227,0.901722
0.360002,0.928505
0.370293,0.885868
0.418413,0.872133
0.488712,0.90474
0.457479,0.788183
0.463737,0.860598
0.475496,0.920082
0.472865,0.861073
0.447478,0.758265
0.404399,0.847176
0.424245,0.945997
0.42178,0.924315
0.410464,0.897633
0.42145,0.821477
0.431252,0.864742
0.407892,0.871747
0.401714,0.91956
0.36768,0.912279
0.367863,0.936164
0.377029,0.922146
0.383972,0.909768
0.380965,0.919359
0.403139,0.862536
0.390553,0.922205
0.399255,0.855614
0.423946,0.865948
0.423041,0.753665
0.418864,0.820613
0.464018,0.860704
0.426036,0.852556
0.471168,0.853165
0.435753,0.889142
0.446049,0.917384
0.424191,0.880526
0.418729,0.906542
0.402346,0.908095
0.437401,0.891776
0.424301,0.842862
0.428655,0.852651
0.38983,0.896087
0.36841,0.907286
0.382198,0.910327
0.39732,0.890298
0.399341,0.904853
0.40794,0.796561
0.390747,0.722537
0.425253,0.874672
0.438129,0.868561
0.413367,0.863917
0.411951,0.827278
0.390554,0.736044
0.452353,0.901134
0.456805,0.880193
0.404874,0.921532
0.442616,0.882004
0.388849,0.91148
0.436129,0.915328
0.434648,0.939642
0.424225,0.939499
0.399204,0.939381
0.362226,0.877927
0.391089,0.876015
0.437801,0.893575
0.451125,0.920363
0.442597,0.888617
0.426854,0.90163
0.414692,0.920836
0.401673,0.912775
0.399411,0.916198
0.394477,0.89868
0.365674,0.895409
0.379451,0.907409
0.40995,0.917877
0.401022,0.925112
0.403756,0.930093
0.412447,0.842865
0.384874,0.850296
0.404562,0.859742
0.392752,0.852936
0.409694,0.904736
0.430689,0.919671
0.43038,0.915282
0.39886,0.883681
0.392703,0.817198
0.414219,0.872048
0.414988,0.866945
0.420263,0.886692
0.384801,0.898029
0.396357,0.87615
0.373945,0.857117
0.349806,0.879049
0.383774,0.905382
0.311953,0.905473
0.388442,0.873222
0.464503,0.879361
0.434073,0.873671
0.409474,0.920556
0.432599,0.929633
0.410144,0.861544
0.437646,0.853061
0.439118,0.896176
0.398804,0.944136
0.364961,0.916667
0.372659,0.900022
0.355317,0.896954
0.348487,0.897406
0.343663,0.865518
0.348969,0.873883
0.354985,0.879337
0.385412,0.915236
0.388995,0.925245
0.381979,0.905321
0.377583,0.83138
0.399589,0.826606
0.396494,0.85568
0.365583,0.903444
0.352834,0.867452
0.35902,0.882327
0.377597,0.912309
0.420862,0.885098
0.473402,0.899394
0.475812,0.861689
0.506069,0.851595
0.428619,0.896143
0.431683,0.857341
0.392543,0.87197
0.437727,0.896022
0.398758,0.880593
0.452895,0.885729
0.471122,0.898791
0.471922,0.910855
0.436348,0.931571
0.364114,0.908876
0.373881,0.917336
0.378114,0.906578
0.41205,0.880028
0.39701,0.847096
0.462379,0.868363
0.398677,0.417027
0.381189,0.714907
0.392195,0.6013
0.381959,0.367991
0.396366,0.348661
0.409454,0.216134
0.425568,0
0.395931,0
0.414279,0.672902
0.417432,0.597454
0.484934,0.672011
0.414444,0.750194
0.416998,0.857519
0.455965,0.889115
0.460518,0.865634
0.470946,0.90358
0.464215,0.917548
0.420457,0.933604
0.385785,0.910911
0.384266,0.881318
0.375108,0.832931
0.371838,0.844597
0.398109,0.803518
0.421501,0.619878
0.401837,0.68465
0.418439,0.66133
0.429636,0.802241
0.423254,0.685564
0.363917,0.906028
0.422283,0.890948
0.436963,0.887819
0.415527,0.861185
0.459351,0.914516
0.417445,0.881542
0.428808,0.944925
0.449995,0.867461
0.452743,0.925767
0.488328,0.898793
0.439537,0.915131
0.434248,0.892013
0.437761,0.912689
0.450429,0.854279
0.449253,0.892019
0.464994,0.748825
0.486492,0.631379
0.548142,0.386769
0.500509,0.890845
0.515195,0.898717
0.568306,0.882034
0.533158,0.844361
0.472185,0.904851
0.400163,0.887319
0.38299,0.910102
0.420709,0.914908
0.401895,0.930272
0.445703,0.945168
0.423572,0.904795
0.415963,0.935997
0.430849,0.937291
0.43511,0.938886
0.408296,0.90324
0.399819,0.903156
0.414895,0.891001
0.385136,0.869553
0.451734,0.918644
0.423738,0.858
0.434146,0.889688
0.408661,0.875622
0.370811,0.921095
0.364571,0.905133
0.359337,0.888045
0.352218,0.883804
0.352542,0.855146
0.364816,0.881122
0.395929,0.88139
0.365836,0.897338
0.365567,0.932685
0.384399,0.937724
0.376514,0.911901
0.411687,0.91942
0.419543,0.875854
0.424345,0.901827
0.418331,0.905624
0.413876,0.847558
0.3552,0.884359
0.352045,0.84635
0.36474,0.887175
0.367466,0.9047
0.368065,0.886949
0.376081,0.872812
0.405844,0.930513
0.477923,0.882543
0.474198,0.891252
0.447362,0.906323
0.464415,0.907046
0.39395,0.91963
0.364911,0.876505
0.318075,0.854369
0.368884,0.923788
0.400982,0.89704
0.400805,0.882899
0.349392,0.891096
0.366388,0.921121
0.364135,0.881493
0.451295,0.886742
0.384834,0.924293
0.407877,0.907261
0.419083,0.892641
0.514449,0.889811
0.478439,0.864344
0.439805,0.882379
0.542678,0.841264
0.517806,0.913664
0.495156,0.898225
0.500751,0.875046
0.486826,0.855021
0.519159,0.795086
0.486296,0.860845
0.446094,0.926998
0.47107,0.905525
0.449903,0.865391
0.417561,0.876674
0.465316,0.83165
0.449604,0.887233
0.43083,0.894154
0.433261,0.913255
0.419582,0.925504
0.373722,0.893299
0.357633,0.899308
0.377855,0.873592
0.39144,0.91253
0.36559,0.929604
0.380858,0.84602
0.409705,0.904746
0.37055,0.922162
0.368173,0.927506
0.363736,0.891797
0.357852,0.873386
0.360823,0.891782
0.396483,0.91679
0.400612,0.914943
0.407854,0.862066
0.390716,0.887436
0.378844,0.884691
0.357265,0.856768
0.355163,0.81652
0.34798,0.863694
0.374506,0.87002
0.376919,0.886497
0.398805,0.919312
0.370713,0.921846
0.358881,0.907002
0.356227,0.914924
0.36936,0.943234
0.393803,0.913258
0.392336,0.898985
0.383666,0.881064
0.396062,0.896113
0.414628,0.916169
0.423824,0.902396
0.436908,0.875333
0.420481,0.867171
0.420905,0.879094
0.451747,0.932578
0.479335,0.898734
0.46291,0.867711
0.492271,0.887833
0.465152,0.859314
0.41209,0.879529
0.41084,0.917298
0.428453,0.898526
0.401212,0.849701
0.438966,0.899021
0.468416,0.892956
0.390723,0.928958
0.421887,0.847481
0.410459,0.86973
0.439651,0.894088
0.431391,0.87297
0.415831,0.877008
0.440877,0.917204
0.466378,0.917403
0.397867,0.844513
0.450031,0.868543
0.424884,0.900012
0.474527,0.92072
0.470648,0.909675
0.428555,0.931974
0.44008,0.827376
0.497602,0.858466
0.425076,0.876341
0.430009,0.905188
0.398774,0.888472
0.3757,0.884366
0.40326,0.885611
0.426162,0.858978
0.415412,0.86476
0.395972,0.854989
0.374406,0.879859
0.366244,0.881139
0.355742,0.879323
0.363553,0.904999
0.391147,0.873777
0.365299,0.816725
0.366308,0.794071
0.37765,0.784132
0.360541,0.859497
0.379674,0.790581
0.390022,0.894911
0.390106,0.881801
0.397915,0.907179
0.366962,0.919354
0.385726,0.885184
0.406101,0.821907
0.428732,0.843263
0.410949,0.911582
0.36727,0.922935
0.392846,0.88506
0.385527,0.942462
0.38536,0.895355
0.356853,0.939283
0.375978,0.908128
0.370751,0.886376
0.362468,0.890614
0.37294,0.899042
0.396889,0.895886
0.369773,0.903709
0.368522,0.930467
0.385499,0.906553
0.388931,0.895481
0.431479,0.902855
0.43688,0.587453
0.474687,0.922041
0.430902,0.925353
0.448865,0.90698
0.49628,0.92011
0.471137,0.902973
0.4483,0.920442
0.406456,0.900534
0.465169,0.924345
0.477352,0.895316
0.384137,0.922256
0.362929,0.902751
0.347207,0.881784
0.361515,0.88417
0.388129,0.89589
0.381673,0.68037
0.412389,0
0.387387,0
0.390018,0.791597
0.394403,0.889375
0.402161,0.897571
0.399029,0.884099
0.379758,0.896317
0.377462,0.859896
0.364787,0.897959
0.349961,0.876666
0.351794,0.818992
0.372405,0.908442
0.391004,0.91779
0.368888,0.915387
0.351933,0.909702
0.372767,0.888646
0.362952,0.918102
0.350831,0.890231
0.365317,0.833877
0.361663,0.899655
0.346561,0.877484
0.346644,0.881395
0.34582,0.866809
0.35368,0.936332
0.362483,0.912431
0.38435,0.917838
0.357657,0.939193
0.361389,0.865304
0.393109,0.885846
0.413271,0.825531
0.420174,0.831671
0.410582,0.897701
0.39879,0.915696
0.386439,0.908881
0.405921,0.704134
0.372284,0.927557
0.399734,0.923514
0.401701,0.847805
0.391536,0.740711
0.401508,0.881867
0.425616,0.887275
0.412556,0.853511
0.418203,0.875726
0.429998,0.921954
0.459751,0.851161
0.475137,0.827656
0.449213,0.83238
0.466651,0.840916
0.438048,0.920886
0.493191,0.886079
0.443121,0.846098
0.426181,0.88072
0.434995,0.915064
0.460115,0.914204
0.426815,0.906094
0.439623,0.884441
0.472669,0.924591
0.487255,0.885086
0.470144,0.906554
0.469175,0.892799
0.514624,0.889133
0.441202,0.869322
0.405418,0.863749
0.413503,0.8676
0.449493,0.845653
0.43023,0.918718
0.470828,0.873351
0.510198,0.881188
0.542371,0.871322
0.407146,0.878383
0,0.913646
0,0.887403
0,0.882476
0,0.908248
0,0.889906
0,0.883373
0,0.911814
0,0.932131
0,0.879245
0,0.857419
0,0.904717
0,0.887059
0,0.930856
0,0.910859
0,0.897689
0,0.868302
0.383045,0.888512
0.386874,0.870489
0.344501,0.879413
0.417382,0.864671
0.426058,0.890868
0.423514,0.876217
0.395202,0.831318
0.406981,0.870495
0.430671,0.842161
0.416227,0.860105
0.420926,0.905742
0.429857,0.905211
0.411689,0.919617
0.416704,0.913857
0.431792,0.898819
0.405887,0.895667
0.393144,0.917323
0.393041,0.888381
0.387701,0.707794
0.371868,0.820931
0.392345,0.705775
0.364906,0.8859
0.366316,0.802991
0.383954,0.887017
0.420111,0.844682
0.393597,0.82204
0.396029,0.770929
0.392138,0.872547
0.419857,0.907222
0.422329,0.927837
0.393041,0.870333
0.385705,0.411575
0.397087,0.923159
0.405525,0.878614
0.393987,0.894267
0.419195,0.910065
0.414538,0.894907
0.376269,0.898578
0.358656,0.908569
0.342273,0.884859
0.340556,0.899897
0.346077,0.897236
0.352059,0.914942
0.375861,0.910594
0.376196,0.874505
0.352048,0.928359
0.340767,0.914765
0.345415,0.871918
0.341741,0.876162
0.343129,0.919051
0.350445,0.92063
0.349339,0.920913
0.339802,0.932104
0.341023,0.935469
0.342086,0.925885
0.346384,0.915116
0.369004,0.921085
0.39114,0.917041
0.374712,0.905285
0.382618,0.878187
0.378507,0.882684
0.37368,0.808661
0.37349,0.825683
0.376207,0.896035
0.373063,0.886828
0.348027,0.881085
0.342544,0.904998
0.346382,0.888783
0.345684,0.894964
0.348946,0.909672
0.32749,0.851449
0.342036,0.307134
0.344886,0
0.345611,0
0.35855,0.819738
0.365572,0.818818
0.356613,0.830981
0.365888,0.876324
0.393932,0.861139
0.409717,0.829147
0.383613,0.858449
0.403489,0.884371
0.442148,0.878197
0.436078,0.886873
0.414709,0.908744
0.37398,0.881878
0.386102,0.889655
0.368822,0.893245
0.359355,0.897449
0.36595,0.893393
0.39899,0.865352
0.375192,0.795479
0.378471,0.780526
0.410389,0.82419
0.456179,0.873074
0.421963,0.846757
0.480483,0.888641
0.49226,0.870773
0.484278,0.795696
0,0.89497
0,0.865036
0,0.879669
0,0.898232
0,0.905348
0,0.887217
0,0.831009
0,0.870641
0,0.886109
0,0.88329
0,0.849702
0,0.851924
0,0.860124
0,0.906402
0,0.890358
0,0.841429
0.37908,0.907142
0.387086,0.899698
0.320689,0.870624
0.359282,0.909099
0.415988,0.919217
0.416116,0.829683
0.426723,0.869607
0.453387,0.830999
0.446134,0.909537
0.378503,0.890737
0.357138,0.821171
0.344271,0.834528
0.35738,0.88303
0.362626,0.873727
0.378206,0.863542
0.400584,0.889801
0.384898,0.894338
0.388098,0.867274
0.422492,0.866944
0.401029,0.873509
0.393365,0.854947
0.374424,0.911667
0.377664,0.914291
0.383668,0.902888
0.348117,0.914594
0.345814,0.892335
0.34689,0.753591
0.345117,0.816052
0.368991,0.891169
0.374909,0.896111
0.345118,0.864987
0.355774,0.878216
0.354128,0.90383
0.40552,0.915644
0.407969,0.887188
0.401285,0.834889
0.395844,0.844282
0.392849,0.884512
0.413202,0.913744
0.408635,0.698384
0.403869,0.900497
0.390896,0.910654
0.398236,0.892924
0.391549,0.905139
0.38173,0.935962
0.410633,0.91099
0.373859,0.880605
0.404834,0.86915
0.438102,0.890965
0.417873,0.872068
0.383092,0.899742
0.411841,0.746099
0.4354,0.833386
0.444573,0.856651
0.417621,0.902735
0.406436,0.87693
0.43851,0.896658
0.443894,0.885649
0.459755,0.887012
0.434655,0.886165
0.464725,0.912203
0.45909,0.885221
0.410275,0.910341
0.383271,0.916381
0.372596,0.921883
0.398234,0.901675
0.359886,0.84795
0.35193,0.869245
0.359332,0.884698
0.37363,0.916447
0.359772,0.908483
0.384972,0.895221
0.40211,0.818845
0.431263,0.87266
0.445539,0.883308
0.437841,0.884102
0.464716,0.894481
0.451644,0.86056
0.452958,0.861406
0.456809,0.923761
0.43636,0.904296
0.424091,0.894558
0.42041,0.910302
0.481237,0.912224
0.491488,0.912606
0.469351,0.899654
0.479034,0.907176
0.486881,0.914662
0.546911,0.927288
0.554649,0.915696
0.365401,0.897854
0,0.883083
0,0.871734
0,0.895046
0,0.863234
0,0.88726
0,0.859251
0,0.864466
0,0.77858
0,0.876028
0,0.942894
0,0.931493
0,0.922136
0,0.931623
0,0.926784
0,0.887097
0,0.90546
0,0.914735
0,0.884
0.376721,0.936692
0.3784,0.91185
0.359481,0.910987
0.408949,0.911565
0.366686,0.89645
0.410808,0.869351
0.400382,0.82394
0.394024,0.900528
0.430508,0.906624
0.410073,0.80249
0.415711,0.737414
0.442204,0.86834
0.433521,0.909492
0.426872,0.903194
0.447763,0.889883
0.415772,0.915421
0.410183,0.9118
0.410655,0.892018
0.373709,0.901584
0.369854,0.898139
0.372825,0.885781
0.395106,0.833354
0.397676,0.886025
0.480162,0.697026
0.461551,0.878394
0.429594,0.894304
0.439318,0.810543
0.409331,0.912894
0.433366,0.899038
0.36779,0.853813
0.38621,0.888407
0.390364,0.856454
0.374393,0.790921
0.402902,0.877024
0.413856,0.843451
0.416625,0.739636
0.381826,0
0.366746,0
0.402404,0.559362
0.376308,0.915482
0.412539,0.881207
0.407757,0.879703
0.41643,0.868127
0.411683,0.864433
0.398186,0.874579
0.429382,0.87528
0.429324,0.86903
0.447696,0.922058
0.44611,0.887947
0.472513,0.880999
0.422328,0.860141
0.444591,0.858356
0.449559,0.878828
0.449741,0.883653
0.412896,0.870716
0.429338,0.924106
0.444214,0.872637
0.499929,0.713805
0.471613,0.172755
0.407054,0.394913
0.470895,0.914719
0.46843,0.892533
0.430937,0.931606
0.440972,0.833706
0.408439,0.85187
0.44228,0.855454
0.409712,0.878303
0.427122,0.844021
0.432025,0.835318
0.395094,0.870114
0.396521,0.879394
0.464114,0.900991
0.464641,0.909042
0.466559,0.909855
0.417701,0.886572
0.437746,0.864458
0.423483,0.898041
0.388275,0.914799
0.380518,0.884002
0.401033,0.886969
0.381011,0.906413
0.435718,0.9055
0.421812,0.880631
0.444036,0.911187
0.450193,0.900445
0.567686,0.885356
0.577667,0.851873
0.550989,0.816129
0.488703,0.821648
0.515046,0.868986
0.456948,0.86708
0.413027,0.925612
0.411636,0.901721
0.444181,0.903939
0.432041,0.920956
0.454264,0.914719
0.483333,0.909278
0.458854,0.878665
0.41973,0.91282
0.446922,0.859998
0.462401,0.877342
0.458064,0.891947
0.434647,0.878082
0.426356,0.861157
0.449141,0.901824
0.427416,0.903093
0.439676,0.906339
0.440512,0.866664
0.450773,0.871
0.437789,0.89069
0.425574,0.875755
0.418014,0.90032
0.476538,0.897368
0.493411,0.907588
0.49008,0.866567
0.506046,0.856157
0.459436,0.888374
0.416287,0.876924
0.383956,0.87804
0.343123,0.808941
0.408296,0.864349
0.365959,0.875244
0.394777,0.859811
0.10807,0.898846
0,0.917705
0,0.889494
0,0.831909
0,0.816722
0,0.886471
0,0.861335
0,0.878772
0.261666,0.922131
0.397001,0.900437
0.436703,0.870469
0.470074,0.876938
0.458823,0.901979
0.416864,0.888822
0.394944,0.90689
0.400154,0.912256
0.434716,0.887595
0.436423,0.879076
0.451341,0.855333
0.496053,0.911941
0.444275,0.861819
0.372796,0.919642
0.365931,0.853552
0.361721,0.874765
0.369534,0.930375
0.361028,0.885363
0.370777,0.884309
0.411425,0.900375
0.47018,0.853068
0.505979,0.912619
0.464958,0.909573
0.443638,0.9139
0.475817,0.916499
0.426473,0.913808
0.411398,0.915362
0.423581,0.930142
0.437115,0.862042
0.440116,0.883235
0.364849,0.884679
0.414954,0.911385
0.425773,0.891104
0.426962,0.719365
0.413819,0.868785
0.475986,0.680897
0.418681,0.855767
0.437753,0.82819
0.490583,0.697034
0.538146,0.930022
0.487563,0.82447
0.507922,0.924702
0.572008,0.89379
0.541863,0.894793
0.316127,0.88258
0.446551,0.897309
0.520835,0.887475
0.488671,0.880837
0.469782,0.892203
0.491556,0.893958
0.455979,0.860309
0.462562,0.905524
0.51054,0.911027
0.472383,0.894918
0.45987,0.911924
0.43856,0.875308
0.428411,0.888927
0.406243,0.843072
0.403376,0.878789
0.405459,0.871863
0.434965,0.885032
0.444005,0.857954
0.514,0.911143
0.478052,0.888919
0.477007,0.865525
0.433211,0.919922
0.454293,0.698932
0.370155,0.861154
0.409032,0.867477
0.409044,0.842561
0.408746,0.830449
0.379712,0.795576
0.45198,0.843553
0.468276,0.86728
0.444614,0.839421
0.430924,0.844269
0.437729,0.880339
0.432427,0.875665
0.44652,0.901471
0.453776,0.914021
0.434026,0.949371
0.470793,0.887679
0.430153,0.827633
0.489567,0.879299
0.477655,0.876782
0.45787,0.910579
0.469926,0.910746
0.488725,0.893236
0.484807,0.904127
0.494512,0.877809
0.497508,0.908208
0.436459,0.894992
0.448674,0.849088
0.451685,0.896836
0.479087,0.883361
0.499444,0.902174
0.414343,0.900538
0.371912,0.735327
0.356695,0.496365
0.37537,0
0.399517,0
0.4189,0.619868
0.466693,0.851175
0.437565,0.859328
0.418814,0.84394
0.415162,0.897284
0.405118,0.890392
0.434288,0.895247
0.441702,0.891348
0.445982,0.913559
0.428911,0.895736
0.435156,0.838619
0.435157,0.904448
0.428352,0.88489
0.381477,0.787708
0.372255,0.856092
0.380948,0.855604
0.457393,0.857111
0.491661,0.854737
0.514446,0.858901
0.51217,0.890508
0.50493,0.841015
0.500256,0.863573
0.507892,0.858996
0.540033,0.843511
0.510859,0.861663
0.548583,0.770652
0.54063,0.822988
0.513174,0.873639
0.418749,0.851511
0.365783,0.885414
0.390557,0.9282
0.416366,0.917591
0.376325,0.905702
0.398869,0.928435
0.398795,0.887245
0.417808,0.894144
0.426392,0.914297
0.410757,0.902824
0.426404,0.90007
0.424006,0.881489
0.437057,0.891468
0.438686,0.912941
0.408204,0.892455
0.365777,0.888729
0.39641,0.861014
0.396847,0.901629
0.396659,0.852051
0.396132,0.858514
0.368784,0.859411
0.404682,0.868523
0.407798,0.82743
0.441589,0.912597
0.412989,0.898418
0.391754,0.903618
0.399972,0.844827
0.374947,0.891767
0.362586,0.865759
0.34583,0.878661
0.353068,0.898992
0.387696,0.895332
0.391481,0.837602
0.355323,0.901804
0.368544,0.88925
0.40583,0.933645
0.41376,0.895359
0.443612,0.889793
0.371867,0.884758
0.366798,0.936034
0.358557,0.902354
0.368661,0.892747
0.371044,0.873359
0.36052,0.903402
0.387091,0.893571
0.421899,0.886516
0.431632,0.890514
0.418495,0.899833
0.481172,0.903199
0.4244,0.886816
0.430403,0.861742
0.405058,0.914752
0.375711,0.902073
0.367694,0.884816
0.382364,0.91329
0.383619,0.879135
0.383443,0.897391
0.430616,0.899653
0.435659,0.924362
0.426078,0.878638
0.360918,0.892757
0.394344,0.866058
0.401565,0.834442
0.405068,0.891018
0.367205,0.900909
0.34693,0.881153
0.343806,0.88715
0.35137,0.899146
0.354813,0.925488
0.362101,0.862942
0.386583,0.875572
0.35354,0.861632
0.366012,0.844793
0.377153,0.916113
0.411887,0.923378
0.42417,0.921512
0.438056,0.894487
0.422227,0.920735
0.456377,0.859187
0.491194,0.925668
0.32454,0.901713
0.513292,0.896411
0.591157,0.854611
0.545942,0.872498
0.555441,0.856934
0.541035,0.90591
0.531103,0.832975
0.490247,0.692631
0.506998,0.663401
0.497793,0.852897
0.454512,0.918094
0.523692,0.900439
0.49051,0.871433
0.47706,0.925737
0.506231,0.891816
0.489753,0.892628
0.47961,0.919024
0.505777,0.925624
0.527324,0.904375
0.545933,0.906486
0.493394,0.939273
0.406663,0.869169
0.409566,0.893355
0.410091,0.905952
0.415786,0.878653
0.370717,0.820814
0.391897,0.902146
0.392302,0.908756
0.372119,0.882176
0.429765,0.886766
0.474252,0.937535
0.453157,0.86589
0.434237,0.88791
0.445425,0.917537
0.495559,0.781067
0.442656,0.886338
0.515732,0.859553
0.448455,0.761119
0.432866,0.891688
0.518198,0.897149
0.479591,0.905894
0.489519,0.863047
0.48783,0.866571
0.478757,0.945868
0.454262,0.913348
0.455346,0.867346
0.526735,0.814205
0.4835,0.814303
0.504618,0.91703
0.513146,0.903175
0.527598,0.890193
0.513515,0.916359
0.464141,0.911903
0.443216,0.853596
0.464875,0.917023
0.487631,0.90133
0.512466,0.870209
0.449476,0.805909
0.447657,0.608109
0.494759,0.541058
0.436525,0.49754
0.465841,0
0.44324,0
0.465376,0.322277
0.385332,0.604744
0.403937,0.633942
0.402181,0.663564
0.409247,0.609741
0.436724,0.652933
0.449153,0.835244
0.491324,0.828913
0.443282,0.927688
0.403359,0.871486
0.35527,0.839205
0.380841,0.486189
0.421117,0.761137
0.419568,0.329928
0.388905,0.67879
0.387458,0.532034
0.411542,0.875703
0.451208,0.914869
0.38656,0.913202
0.373611,0.899474
0.445913,0.929527
0.421321,0.903321
0.453887,0.895752
0.464451,0.916012
0.451745,0.908832
0.436598,0.880251
0.433874,0.88567
0.433311,0.912297
0.413393,0.849261
0.403498,0.888965
0.401417,0.834061
0.370434,0.879383
0.357105,0.912734
0.395468,0.882871
0.400811,0.908345
0.421998,0.860797
0.392767,0.750211
0.365137,0.826789
0.383696,0.735026
0.440665,0.765736
0.427109,0.786604
0.410363,0.581261
0.427115,0.875022
0.438147,0.853872
0.44704,0.85164
0.40459,0.862952
0.372442,0.886083
0.357335,0.893105
0.353227,0.87088
0.36061,0.908283
0.383466,0.899309
0.408123,0.87718
0.39463,0.885526
0.372651,0.92129
0.355259,0.926737
0.368529,0.895795
0.382891,0.911837
0.423797,0.928557
0.412425,0.895565
0.406447,0.924488
0.378053,0.908343
0.423368,0.911861
0.42765,0.882538
0.390795,0.888195
0.388756,0.913823
0.396461,0.89888
0.420828,0.909644
0.446902,0.774659
0.448036,0.832374
0.40894,0.866663
0.437108,0.907762
0.454832,0.921842
0.39323,0.914369
0.358904,0.897813
0.350885,0.888853
0.354115,0.88193
0.383484,0.899925
0.385208,0.824108
0.356853,0.866246
0.350876,0.813374
0.357733,0.889859
0.401336,0.85756
0.468389,0.691502
0.422559,0.853174
0.420781,0.885328
0.422699,0.905655
0.298938,0.899177
0.165339,0.821855
0.257519,0.716179
0.365121,0.867675
0.38294,0.856175
0.298466,0.772742
0.438622,0.765097
0.489985,0.913602
0.388979,0.930801
0.434023,0.880408
0.407198,0.881137
0.438357,0.876852
0.432608,0.825142
0.402343,0.715401
0.362049,0.859267
0.395456,0.897981
0.432539,0.91034
0.419254,0.946068
0.383401,0.919543
0.407429,0.817398
0.457099,0.25089
0.432418,0.812807
0.436382,0.878479
0.424779,0.932894
0.431482,0.803872
0.38364,0.528582
0.36074,0.908873
0.363665,0.922137
0.391257,0.910473
0.421964,0.902271
0.433172,0.906128
0.485408,0.919144
0.446494,0.90172
0.391982,0.928455
0.358233,0.919803
0.388667,0.891444
0.365758,0.896564
0.410417,0.901651
0.461219,0.887747
0.459828,0.893017
0.424947,0.917077
0.457289,0.885822
0.427365,0.890011
0.406289,0.857748
0.39849,0.891389
0.425073,0.920727
0.394259,0.842254
0.408876,0.904692
0.374791,0.902803
0.378369,0.898982
0.359205,0.87483
0.34703,0.855851
0.351151,0.858635
0.35955,0.88687
0.370341,0.883936
0.372804,0.807429
0.35739,0.763608
0.355189,0
0.378053,0
0.385945,0.672919
0.390117,0.833598
0.381339,0.802163
0.393952,0.861626
0.397536,0.903655
0.368857,0.880323
0.353145,0.876368
0.344299,0.8951
0.37233,0.834183
0.382133,0.875717
0.400111,0.867291
0.389199,0.863042
0.391722,0.902757
0.366102,0.90307
0.361334,0.892228
0.360084,0.891544
0.365014,0.889643
0.36551,0.892413
0.355502,0.896022
0.373077,0.900282
0.395189,0.861683
0.392953,0.86328
0.407595,0.879336
0.395287,0.896316
0.41832,0.848414
0.40656,0.854416
0.401388,0.909124
0.386967,0.881542
0.404026,0.861705
0.393503,0.887326
0.384706,0.886471
0.373023,0.91618
0.363015,0.910934
0.367368,0.911856
0.368753,0.886907
0.370508,0.865257
0.341221,0.884076
0.345166,0.915621
0.367408,0.873693
0.354309,0.88263
0.354799,0.763401
0.367412,0.889382
0.3896,0.869529
0.391276,0.889434
0.350466,0.858037
0.338177,0.889318
0.342232,0.875494
0.372767,0.907331
0.384917,0.881658
0.401822,0.856827
0.364786,0.89102
0.388131,0.907742
0.404868,0.837423
0.410282,0.861197
0.415701,0.849587
0.402645,0.856404
0.387185,0.900306
0.403957,0.87189
0.40102,0.883316
0.41415,0.907636
0.38647,0.915584
0.36612,0.902291
0.367969,0.900529
0.353564,0.885884
0.355375,0.901207
0.35893,0.913974
0.367884,0.920122
0.395577,0.915698
0.441622,0.921663
0.439709,0.888083
0.470542,0.924437
0.480856,0.905093
0.390156,0.916832
0.387636,0.91394
0.403617,0.847019
0.40122,0.889175
0.40586,0.888035
0.370961,0.900096
0.38633,0.878893
0.407554,0.885532
0.376377,0.899945
0.403107,0.877855
0.430882,0.895334
0.465577,0.896878
0.460544,0.903034
0.450205,0.922547
0.439801,0.874722
0.462143,0.935713
0.458002,0.930349
0.457753,0.918722
0.479229,0.911617
0.503208,0.918527
0.529144,0.906731
0.506786,0.898192
0.422826,0.940922
0.43366,0.881495
0.448844,0.913236
0.449331,0.931576
0.468487,0.878243
0.444206,0.897311
0.433963,0.748105
0.395392,0.881772
0.369493,0.910206
0.381008,0.907263
0.392472,0.875868
0.403539,0.849822
0.384398,0.805683
0.387188,0.909808
0.397848,0.916895
0.371892,0.928862
0.385511,0.896728
0.407291,0.901601
0.436292,0.916709
0.42666,0.915267
0.434179,0.917468
0.418293,0.814622
0.414141,0.911782
0.413011,0.874896
0.450785,0.905128
0.451458,0.837142
0.45395,0.908483
0.371343,0.858863
0.392394,0.872175
0.369512,0.906466
0.390937,0.882006
0.35292,0.893262
0.404995,0.889541
0.484181,0.887146
0.477314,0.902992
0.448917,0.908883
0.454029,0.905042
0.487188,0.874698
0.466302,0.843743
0.459817,0.751674
0.414128,0.824336
0.424473,0.860295
0.430874,0.851832
0.422383,0.886145
0.454651,0.70141
0.46505,0.213089
0.442792,0.2196
0.464673,0.179793
0.465248,0.165561
0.47805,0.212729
0.460699,0.219408
0.487802,0.17967
0.465937,0.170827
0.410618,0.189002
0.428565,0
0.394742,0
0.380219,0
0.449949,0
0.492023,0
0.462554,0
0.45025,0
0.431848,0
0.505854,0
0.564217,0
0.572258,0
0.399802,0
0,0
0,0
0,0
0,0
0,0
0.29942,0.207698
0.346066,0.222363
0.305756,0.178026
0.305672,0.274453
0.33038,0.202431
0.309396,0.166628
0.385908,0.876742
0.366823,0.872538
0.391073,0.904922
0.376989,0.864664
0.373223,0.896569
0.354378,0.917389
0.392943,0.876989
0.35657,0.900681
0.347864,0.867084
0.354162,0.862204
0.346344,0.918048
0.34984,0.910561
0.351772,0.877399
0.350489,0.84754
0.381761,0.897259
0.38531,0.829057
0.361552,0.910722
0.375237,0.795549
0.391616,0.901297
0.370193,0.807231
0.436038,0.884485
0.433269,0.900831
0.438406,0.894938
0.437876,0.86503
0.410975,0.838472
0.458779,0.871605
0.421929,0.811287
0.425692,0.904092
0.430633,0.726043
0.410245,0.876367
0.47204,0.921093
0.497057,0.897226
0.491735,0.853301
0.530121,0.895926
0.510854,0.897796
0.48624,0.891485
0,0.864774
0,0.854219
0,0.908655
0,0.879448
0,0.907873
0,0.894546
0,0.874814
0,0.852059
0,0.849926
0,0.91685
0.137306,0.911744
0.279858,0.909023
0.256698,0.917851
0.382063,0.947981
0.386874,0.918302
0.365698,0.919726
0.386614,0.88618
0.472431,0.89846
0.384795,0.85777
0.503457,0.892447
0.521224,0.85302
0.498287,0.882178
0.452701,0.909971
0.508642,0.848343
0.481243,0.784278
0.46081,0.838473
0.454153,0.863951
0.466361,0.86584
0.412947,0.883281
0.476258,0.885475
0.480418,0.932955
0.470893,0.907461
0.450335,0.837504
0.436656,0.898639
0.412607,0.93807
0.45611,0.92097
0.485346,0.936304
0.538365,0.842765
0.500901,0.859355
0.499961,0.896316
0.440968,0.921705
0.496572,0.923228
0.502146,0.908151
0.498376,0.906419
0.515451,0.818912
0.486243,0.851554
0.520595,0.89847
0.469459,0.837375
0.503305,0.881893
0.514419,0.785184
0.536711,0.784023
0.366731,0.883673
0.365441,0.881005
0.377645,0.85879
0.394308,0.87405
0.41061,0.864806
0.405527,0.883808
0.373082,0.873767
0.381704,0.848413
0.421083,0.824789
0.459181,0.877926
0.479889,0.871622
0.445145,0.842258
0.446443,0.879037
0.504438,0.811015
0.470004,0.877562
0.419862,0.906355
0.414157,0.848073
0.382658,0.874567
0.373417,0.756011
0.374219,0.608706
0.37741,0.544464
0.365556,0
0.368871,0
0.399745,0.50419
0.383602,0.802133
0.388177,0.855531
0.380829,0.854615
0.393571,0.408159
0.373837,0.476628
0.364337,0.544532
0.380773,0.719031
0.402919,0.930873
0.433299,0.391091
0.400738,0.849679
0.381422,0.910464
0.361085,0.899044
0.396422,0.884467
0.425675,0.908279
0.444541,0.887682
0.415028,0.90265
0.415493,0.885177
0.401817,0.892368
0.447363,0.885031
0.42352,0.929826
0.42657,0.924803
0.445031,0.887616
0.45571,0.871812
0.448244,0.89698
0.48007,0.906282
0.494702,0.900771
0.490267,0.814121
0.44193,0.789867
0.49334,0.90405
0.449408,0.903719
0.425377,0.904446
0.413734,0.817571
0.406485,0.78789
0.413311,0.862331
0.439976,0.914564
0.400214,0.916069
0.385353,0.89957
0.401346,0.95594
0.401374,0.689992
0.393097,0.861346
0.407174,0.901338
0.399558,0.919017
0.413456,0.892117
0.386619,0.867708
0.38761,0.914677
0.400443,0.765665
0.37682,0.758001
0.417851,0.92921
0.441455,0.869683
0.405831,0.894297
0.370414,0.845607
0.407831,0.834698
0.356866,0.888751
0.359876,0.750162
0.362781,0.882496
0.350064,0.899229
0.347929,0.856377
0.360521,0.853861
0.352074,0.84298
0.339007,0.872042
0.348132,0.850958
0.339172,0.820666
0.354422,0.890823
0.361124,0.930091
0.358956,0.890745
0.353521,0.90581
0.346763,0.929095
0.370166,0.881313
0.383068,0.852727
0.364905,0.917688
0.363144,0.904989
0.343898,0.911494
0.351342,0.926917
0.359835,0.894562
0.377291,0.905281
0.378372,0.894784
0.386652,0.937353
0.392839,0.873801
0.366705,0.870662
0.34589,0.910215
0.351905,0.886308
0.359543,0.902224
0.366662,0.947059
0.383931,0.885334
0.382879,0.900385
0.384637,0.901541
0.360658,0.923138
0.380924,0.953507
0.386683,0.936808
0.403483,0.927848
0.377595,0.925009
0.376201,0.736491
0.370639,0.890023
0.370015,0.937344
0.374828,0.682619
0.404535,0.78823
0.399865,0.869526
0.381312,0.878002
0.411706,0.875863
0.448303,0.888285
0.434325,0.813369
0.430327,0.875154
0.473641,0.936747
0.480564,0.926002
0.478695,0.869238
0.470111,0.836554
0.402498,0.949277
0.389825,0.894802
0.38748,0.894425
0.42651,0.813456
0.438007,0.911091
0.415935,0.896621
0.403189,0.918192
0.397941,0.89465
0.42951,0.876214
0.421202,0.89854
0.415094,0.869622
0.426407,0.899074
0.389108,0.890637
0.395743,0.896062
0.358775,0.893712
0.349278,0.924969
0.360512,0.893529
0.362428,0.860214
0.364145,0.879076
0.392967,0.893504
0.400449,0.904134
0.381553,0.907669
0.366367,0.907951
0.380506,0.899939
0.370356,0.845499
0.393447,0.894698
0.394004,0.908855
0.391864,0.873294
0.378237,0.875851
0.391878,0.926248
0.393683,0.917741
0.375787,0.851657
0.349474,0.792367
0.344183,0.616666
0.348686,0.542328
0.346671,0.668097
0.347397,0.532214
0.36418,0
0.364844,0
0.38265,0.563813
0.40829,0.775718
0.395425,0.87609
0.394816,0.846882
0.359041,0.845274
0.357083,0.834815
0.353402,0.849151
0.368193,0.843023
0.400954,0.758817
0.372698,0.790552
0.398339,0.872865
0.37498,0.834231
0.383395,0.812354
0.382085,0.669809
0.434637,0.862353
0.467298,0.921354
0.420347,0.890291
0.436396,0.66232
0.416911,0.887182
0.397964,0.850623
0.380087,0.859737
0.373783,0.895949
0.36846,0.88687
0.382658,0.807949
0.40391,0.913171
0.463055,0.93353
0.471552,0.908643
0.452053,0.910239
0.433948,0.881404
0.34404,0.889067
0.474379,0.923352
0.540648,0.851552
0.49123,0.841104
0.516726,0.863496
0.457518,0.795874
0.448971,0.573522
0.498632,0.883981
0.516344,0.899622
0.51836,0.906817
0.432032,0.84779
0.426788,0.89078
0.389884,0.908917
0.372911,0.870236
0.398245,0.908423
0.388827,0.878181
0.402437,0.917172
0.40604,0.876745
0.407728,0.847217
0.376628,0.877027
0.363922,0.886885
0.371524,0.918496
0.376076,0.931813
0.385399,0.908665
0.373458,0.845749
0.416811,0.86154
0.432317,0.883128
0.402507,0.878893
0.374848,0.892912
0.355417,0.920708
0.343218,0.900311
0.35432,0.908279
0.346265,0.940314
0.344773,0.907429
0.348724,0.897058
0.342479,0.832859
0.349829,0.919447
0.364558,0.930575
0.401896,0.894504
0.420694,0.860992
0.409006,0.894535
0.431056,0.899857
0.407625,0.88155
0.392144,0.93475
0.358525,0.911075
0.360887,0.94213
0.352729,0.843004
0.357717,0.895205
0.373762,0.94251
0.392772,0.939304
0.326306,0.918396
0.375161,0.904267
0.362936,0.903388
0.408791,0.818614
0.399257,0.873271
0.411321,0.920588
0.391424,0.89532
0.41812,0.897993
0.390389,0.933997
0.336759,0.839013
0.347832,0.794346
0.34881,0.612712
0.356578,0.773252
0.351353,0.854378
0.343366,0.834472
0.346641,0.848355
0.344936,0.917522
0.351023,0.857917
0.372793,0.9266
0.367081,0.919577
0.354427,0.878429
0.377062,0.887358
0.376093,0.872262
0.369903,0.900743
0.375484,0.860574
0.373047,0.877076
0.400202,0.908146
0.407767,0.939535
0.404644,0.862131
0.390437,0.915026
0.360078,0.856906
0.364088,0.902724
0.386268,0.884729
0.408746,0.876934
0.401444,0.764024
0.38047,0.81891
0.370754,0.838564
0.380409,0.720577
0.393347,0
0.397689,0
0.372873,0.41999
0.352739,0.728315
0.35247,0.858783
0.349002,0.893044
0.355924,0.919344
0.375859,0.841249
0.368308,0.898848
0.353236,0.88435
0.357306,0.87658
0.388791,0.874757
0.38421,0.846263
0.370693,0.855529
0.363089,0.812037
0.381572,0.818179
0.365954,0.807357
0.356204,0.894442
0.370331,0.834924
0.363451,0.861733
0.375988,0.788063
0.397736,0.800929
0.388376,0.816788
0.387616,0.857826
0.357336,0.880755
0.392964,0.915718
0.366452,0.849202
0.359735,0.897361
0.342337,0.84527
0.34327,0.781544
0.350694,0.887981
0.383534,0.88503
0.376206,0.923985
0.366974,0.890619
0.381262,0.858242
0.377611,0.871715
0.380335,0.910898
0.359394,0.921111
0.353185,0.860933
0.351963,0.884872
0.375532,0.908223
0.402102,0.882723
0.3637,0.892413
0.34823,0.91366
0.35644,0.914712
0.344757,0.860355
0.346277,0.926659
0.344793,0.890471
0.342361,0.867185
0.348656,0.887484
0.351571,0.934057
0.387472,0.897273
0.41606,0.867198
0.399761,0.887978
0.374543,0.903952
0.366222,0.92887
0.382567,0.923103
0.372912,0.916798
0.394969,0.856857
0.382326,0.888261
0.392024,0.843626
0.382813,0.849736
0.363885,0.911014
0.371938,0.861994
0.414038,0.90211
0.404028,0.855038
0.415079,0.859881
0.384145,0.885419
0.37157,0.895159
0.360178,0.868606
0.354907,0.886019
0.384725,0.885611
0.382383,0.907963
0.351234,0.914761
0.343635,0.871803
0.351892,0.827395
0.368411,0.845634
0.374219,0.777679
0.386827,0.886828
0.350869,0.929316
0.354971,0.908493
0.383553,0.912368
0.396896,0.88102
0.371225,0.836868
0.351393,0.890773
0.36531,0.815349
0.388459,0.814009
0.363021,0.775081
0.359103,0.792711
0.367396,0.879825
0.371858,0.885516
0.350998,0.900367
0.356493,0.915869
0.362613,0.905129
0.380176,0.869085
0.403372,0.923765
0.425291,0.871753
0.436657,0.852689
0.41036,0.893252
0.418716,0
0.389827,0
0.400555,0
0.405303,0
0.356664,0
0.512773,0
0.536478,0
0.451495,0
0.440495,0
0.399882,0
0.419499,0
0.440814,0
0.405738,0
0.385181,0
0.404377,0
0.441119,0
0.390293,0
0.356089,0
0.380958,0
0.432011,0.537397
0.39242,0.77001
0.419703,0.82248
0.387298,0.900959
0.356411,0.845736
0.34971,0.866806
0.3515,0.810413
0.356506,0.895374
0.354021,0.898742
0.354453,0.895257
0.350967,0.875928
0.349126,0.893896
0.34932,0.888895
0.344857,0.898941
0.348924,0.907666
0.346552,0.9169
0.356279,0.881446
0.416979,0.921641
0.421994,0.90137
0.396069,0.897918
0.398881,0.920485
0.392434,0.918047
0.388679,0.812455
0.40076,0.881722
0.408068,0.894226
0.374718,0.921312
0.383458,0.854186
0.375567,0.886585
0.383594,0.893161
0.402779,0.83193
0.364078,0.879774
0.357051,0.859395
0.357404,0.909082
0.384193,0.789493
0.392118,0.846586
0.378174,0.916969
0.356148,0.909003
0.355447,0.915034
0.359015,0.886902
0.386502,0.930268
0.402977,0.909477
0.397132,0.912226
0.413627,0.885084
0.396906,0.925361
0.382741,0.922813
0.373134,0.874979
0.381569,0.922795
0.399202,0.907157
0.396839,0.937081
0.363951,0.910192
0.372358,0.934241
0.382985,0.909147
0.392782,0.933452
0.385794,0.938738
0.402364,0.891701
0.404209,0.921084
0.386501,0.892632
0.397304,0.906964
0.404049,0.912849
0.409376,0.904778
0.408003,0.903722
0.387479,0.866385
0.418176,0.901047
0.40351,0.902411
0.398314,0.928848
0.403961,0.925351
0.409788,0.918124
0.392094,0.919511
0.385305,0.908113
0.364904,0.930878
0.35148,0.924208
0.342742,0.932088
0.354396,0.917318
0.365172,0.890786
0.370227,0.892986
0.358555,0.93311
0.370206,0.883113
0.372295,0.868762
0.348986,0.920671
0.372795,0.862113
0.367885,0.896376
0.385104,0.861274
0.387441,0.894995
0.372386,0.93506
0.372387,0.928978
0.360099,0.917424
0.358124,0.939645
0.34972,0.928923
0.363469,0.931093
0.367435,0.923984
0.348956,0.908648
0.341217,0.921501
0.348075,0.891914
0.375868,0.901318
0.370549,0.895491
0.380406,0.86444
0.369204,0
0.379019,0
0.395637,0
0.39787,0
0.379254,0
0.388946,0
0.39009,0
0.359752,0
0.370947,0
0.381745,0
0.357124,0
0.352582,0
0.387384,0
0.379483,0
0.393412,0
0.368498,0
0.405522,0
0.389233,0
0.372173,0
0.3608,0.287683
0.366997,0.684445
0.392404,0.830533
0.445418,0.886691
0.457913,0.83348
0.449251,0.814738
0.457216,0.876448
0.408194,0.903404
0.4193,0.910519
0.448484,0.83509
0.473671,0.904086
0.422611,0.896241
0.445513,0.843486
0.441131,0.848156
0.396994,0.92914
0.373038,0.872657
0.383184,0.781178
0.402432,0.874053
0.388947,0.88623
0.384443,0.889567
0.449813,0.819726
0.46943,0.865437
0.444862,0.895282
0.385816,0.897961
0.398406,0.883052
0.442601,0.887473
0.396213,0.83433
0.388532,0.862352
0.429171,0.914963
0.403885,0.873865
0.413743,0.872799
0.424227,0.834753
0.362513,0.888403
0.363431,0.868721
0.378435,0.844946
0.356262,0.897249
0.360927,0.866947
0.378334,0.894212
0.388182,0.87906
0.44765,0.846326
0.421299,0.898342
0.441418,0.865134
0.430906,0.873238
0.478405,0.898962
0.449887,0.881473
0.438092,0.833587
0.443066,0.868033
0.481383,0.887282
0.478612,0.851895
0.480258,0.89336
0.494386,0.905663
0.463305,0.870308
0.407356,0.869777
0.404612,0.883726
0.440891,0.852446
0.421063,0.808984
0.457706,0.872615
0.422373,0.915473
0.428409,0.865524
0.428224,0.891893
0.436804,0.926984
0.384684,0.901235
0.373632,0.895186
0.420456,0.905575
0.412714,0.94269
0.397491,0.929259
0.42137,0.928477
0.435187,0.884704
0.431777,0.900427
0.419613,0.897309
0.416219,0.888002
0.396632,0.869407
0.386208,0.873606
0.401556,0.864377
0.41545,0.866357
0.377043,0.924168
0.370528,0.919955
0.407502,0.908265
0.395635,0.941301
0.412718,0.946391
0.410716,0.942998
0.41182,0.901672
0.416049,0.93524
0.457669,0.834461
0.483289,0.840724
0.436694,0.869654
0.496915,0.874153
0.471135,0.691212
0.461179,0.930136
0.459362,0
0.458903,0
0.402209,0
0.440944,0
0.452501,0
0.470833,0
0.45433,0
0.491679,0
0.452099,0
0.39496,0
0.393426,0
0.388921,0
0.356625,0
0.362472,0
0.366125,0
0.376074,0
0.419101,0
0.406074,0
0.361331,0
0.35276,0
0.376886,0.353945
0.38125,0.354633
0.347219,0.543133
0.331226,0.545746
0.286673,0.688021
0.359836,0.905251
0.352619,0.91086
0.380828,0.934465
0.351366,0.557487
0.343149,0.831406
0.347164,0.538041
0.341516,0.801146
0.350537,0.628877
0.36183,0.915176
0.381945,0.791202
0.373607,0.890825
0.363821,0.926415
0.411608,0.892289
0.365016,0.90668
0.380326,0.908311
0.367161,0.87709
0.36283,0.784164
0.36737,0.876944
0.376971,0.786791
0.364616,0.791806
0.361854,0.775082
0.380898,0.89381
0.375257,0.900413
0.382051,0.948642
0.39598,0.875887
0.383415,0.849303
0.396788,0.85769
0.385966,0.867391
0.426258,0.896832
0.391944,0.904473
0.361164,0.821241
0.351234,0.842779
0.346731,0.92217
0.344491,0.912139
0.331319,0.851985
0.369919,0.904836
0.358654,0.941163
0.368727,0.893734
0.393425,0.907756
0.364113,0.832501
0.351241,0.831217
0.34203,0.873159
0.347505,0.891819
0.375123,0.918835
0.40006,0.903038
0.409732,0.941353
0.421939,0.873967
0.419714,0.833874
0.406383,0.894377
0.408796,0.865386
0.409721,0.762415
0.376046,0.830996
0.377115,0.884219
0.366779,0.840741
0.363715,0.873079
0.372179,0.891806
0.384826,0.902861
0.388897,0.603491
0.375701,0.711174
0.350602,0.737066
0.369941,0.73396
0.370265,0.903314
0.357409,0.880789
0.364009,0.922387
0.389808,0.870878
0.364374,0.825474
0.366589,0.860648
0.358868,0.922413
0.369356,0.862589
0.386558,0.903306
0.389357,0.933086
0.378245,0.946667
0.376738,0.906046
0.408551,0.924341
0.378125,0.893108
0.397961,0.852808
0.400987,0.903918
0.408425,0.828866
0.396648,0.864419
0.354232,0.7833
0.354059,0.838947
0.378274,0.83297
0.396137,0.811059
0.389415,0.919848
0.374966,0.928339
0.371305,0.877729
0.379952,0.868171
0.414927,0.846559
0.423672,0.863737
0.43655,0.841939
0.415579,0.890612
0.383054,0.719308
0.367598,0.596167
0.408866,0.550863
0.393873,0.890736
0.405438,0.487516
0.441666,0.846333
0.447,0.831912
0.431755,0.579995
0.419921,0.761927
0.419233,0.856558
0.387255,0.870214
0.417569,0.869578
0.383839,0.89954
0.406644,0.887706
0.44983,0.619836
0.433,0.516245
0.47482,0.696573
0.446848,0.752458
0.436875,0.32992
0.541941,0.352996
0.563192,0.806372
0.529015,0.754798
0.423324,0
0.483729,0
0.498592,0
0.478629,0
0.383059,0
0.37514,0
0.348652,0
0.365563,0
0.355841,0
0.368674,0
0.357459,0.733262
0.352449,0.842826
0.355525,0.876235
0.376426,0.930375
0.370863,0.910741
0.362855,0.928111
0.362094,0.925319
0.376368,0.863642
0.390756,0.92222
0.408375,0.911332
0.407622,0.901619
0.40059,0.880617
0.410724,0.837145
0.409424,0.872681
0.420312,0.885874
0.407338,0.929865
0.415038,0.931822
0.442151,0.908657
0.405792,0.937249
0.412823,0.919609
0.394509,0.889868
0.392654,0.834871
0.400165,0.822043
0.424374,0.79955
0.39979,0.676426
0.389039,0.868159
0.405654,0.878884
0.389466,0.912264
0.398727,0.783507
0.399133,0.826985
0.425297,0.919768
0.487369,0.909045
0.448519,0.924843
0.387996,0.946572
0.450777,0.916891
0.390118,0.87514
0.371857,0.927031
0.422906,0.920903
0.418166,0.878367
0.372008,0.90443
0.362987,0.929292
0.381441,0.855762
0.443504,0.82616
0.448131,0.83639
0.41939,0.478448
0.367119,0.786801
0.389413,0.783677
0.366839,0.795457
0.321575,0.780797
0.339886,0.811929
0.435925,0.829273
0.410269,0.85696
0.416256,0.83115
0.4543,0.861541
0.439949,0.847211
0.432717,0.879438
0.423623,0.889264
0.420084,0.886402
0.441607,0.898791
0.437286,0.896403
0.492344,0.74823
0.499103,0.720638
0.486824,0.872041
0.451542,0.603816
0.401196,0.758082
0.37499,0.621793
0.354115,0.73199
0.365321,0.641613
0.357419,0
0.354954,0
0.350402,0.759924
0.345197,0.849385
0.34414,0.831871
0.358211,0.790776
0.376919,0.77234
0.364013,0.759016
0.356782,0.912031
0.377614,0.919165
0.388552,0.848234
0.383644,0.666411
0.364837,0.874264
0.37126,0.707596
0.379043,0.816781
0.386606,0.854064
0.401304,0.842102
0.475155,0.809244
0.453986,0.79945
0.512327,0.808054
0.502271,0.771293
0.472821,0.638885
0.385529,0.759645
0.396998,0.869575
0.427486,0.835485
0.40918,0.89043
0.386751,0.870485
0.389142,0.914839
0.353001,0.903556
0.362952,0.871014
0.375344,0.902618
0.383419,0.8984
0.362553,0.902894
0.357235,0.847727
0.352606,0.792986
0.383088,0.750861
0.380721,0.878291
0.35437,0.723684
0.344387,0.865034
0.358402,0.751317
0.3686,0.891303
0.369459,0.879856
0.370678,0.808677
0.363742,0.810369
0.352214,0.89081
0.359328,0.918487
0.401867,0.917094
0.47419,0.899966
0.436674,0.892167
0.421946,0.878356
0.429868,0.7992
0.445332,0.825422
0.388047,0.871058
0.410664,0.856876
0.412131,0.886902
0.374033,0.874476
0.387971,0.883425
0.423191,0.842393
0.438114,0.86046
0.437828,0.927031
0.417001,0.928643
0.418877,0.79664
0.391507,0.887234
0.389682,0.888749
0.361294,0.872938
0.359296,0.898237
0.372639,0.91942
0.422434,0.909922
0.470565,0.872982
0.44501,0.89811
0.497709,0.868571
0.429055,0.89021
0.414995,0.855396
0.438582,0.800963
0.480866,0.884598
0.438322,0.475039
0.500701,0.270767
0.482616,0
0.44093,0
0.430125,0.84044
0.483954,0.850851
0.421386,0.859753
0.390934,0.877036
0.378719,0.927036
0.377659,0.894074
0.430699,0.904933
0.429408,0.913007
0.437078,0.928098
0.418568,0.927181
0.453144,0.92821
0.459111,0.858437
0.407387,0.91825
0.37987,0.925333
0.350298,0.893797
0.371949,0.874616
0.363263,0.907107
0.393081,0.934686
0.395191,0.945048
0.413814,0.923771
0.43461,0.947916
0.451999,0.936842
0.490653,0.902569
0.44351,0.891166
0.378139,0.9411
0.411573,0.87447
0.422016,0.904614
0.443521,0.930178
0.42344,0.89594
0.42451,0.879712
0.420715,0.889462
0.378335,0.916654
0.381729,0.928857
0.409377,0.886576
0.375754,0.924565
0.382908,0.925416
0.383467,0.907641
0.450921,0.883247
0.444874,0.886722
0.367464,0.877922
0.405989,0.913871
0.452901,0.915224
0.439283,0.896763
0.392263,0.896516
0.377887,0.915846
0.370486,0.940422
0.442521,0.936968
0.414612,0.928989
0.428752,0.927677
0.369233,0.907418
0.35682,0.87048
0.380127,0.930263
0.397873,0.924657
0.402043,0.919095
0.403719,0.946314
0.40693,0.950873
0.397154,0.896142
0.393034,0.918431
0.387863,0.912051
0.364497,0.887915
0.403947,0.877337
0.39269,0.883425
0.373223,0.862621
0.379243,0.65156
0.371444,0.83758
0.393585,0.792411
0.409309,0.79812
0.393752,0.766707
0.369394,0.817288
0.39576,0.797584
0.393507,0.757063
0.381877,0.722293
0.385429,0.765661
0.404765,0.770215
0.385625,0.760149
0.354969,0.735882
0.354674,0.809143
0.34619,0.744849
0.353321,0.811794
0.381039,0.806132
0.41276,0.773351
0.381683,0.802026
0.345079,0.79297
0.352196,0.668476
0.354847,0.738499
0.375028,0.701475
0.378811,0.744289
0.357936,0.701479
0.354175,0
0.368176,0
0.375761,0.607353
0.37137,0.864464
0.368742,0.88952
0.396461,0.888808
0.410138,0.953092
0.402275,0.921869
0.403085,0.806073
0.420947,0.853724
0.405222,0.838275
0.370307,0.753616
0.41691,0.763415
0.421186,0.808161
0.427303,0.78524
0.380581,0.788985
0.38102,0.75677
0.362043,0.857764
0.372267,0.533954
0.372467,0.834671
0.372407,0.794109
0.370242,0.798751
0.344468,0.783431
0.345763,0.747948
0.342382,0.756569
0.342751,0.767786
0.345435,0.84682
0.361401,0.841756
0.388153,0.703225
0.391039,0.747653
0.392776,0.743845
0.394186,0.826563
0.388187,0.854716
0.378352,0.800983
0.406662,0.862296
0.424686,0.91104
0.426091,0.876341
0.418182,0.835502
0.395767,0.873105
0.422249,0.827899
0.399032,0.921574
0.393517,0.923564
0.421874,0.927143
0.384358,0.93095
0.420081,0.937182
0.455724,0.935344
0.422959,0.891131
0.416034,0.888224
0.376204,0.901903
0.378518,0.932857
0.436129,0.918354
0.460464,0.91177
0.443718,0.845071
0.53727,0.914386
0.546982,0.928047
0.566098,0.883886
0.537813,0.901765
0.24741,0.832786
0.420248,0.920288
0.397076,0.704433
0.401667,0.472546
0.37735,0
0.408557,0
0.387348,0.598417
0.411703,0.830864
0.394307,0.871433
0.374225,0.804688
0.350891,0.833497
0.351464,0.830416
0.349134,0.803412
0.355044,0.916694
0.375849,0.901616
0.387855,0.920506
0.387435,0.918599
0.412764,0.912756
0.380631,0.924736
0.390297,0.852117
0.406439,0.892104
0.379783,0.869907
0.382281,0.907645
0.366834,0.847833
0.371762,0.859779
0.357294,0.865609
0.355234,0.870489
0.374852,0.845812
0.395366,0.937276
0.359616,0.840666
0.351288,0.889352
0.345527,0.887668
0.358241,0.888004
0.398112,0.942915
0.43803,0.940575
0.459686,0.934295
0.447697,0.941116
0.447814,0.924311
0.431144,0.945408
0.440126,0.827367
0.38801,0.939367
0.388593,0.936539
0.392543,0
0.398784,0
0.364995,0
0.374543,0
0.194506,0
0,0
0,0
0,0
0,0
0,0.293921
0,0.360961
0,0.554054
0,0
0,0
0,0.337586
0,0.668777
0,0.912069
0,0.900353
0,0.829282
0.148956,0.88899
0.334036,0.918633
0.317147,0.914903
0.328182,0.937824
0.327388,0.914758
0.335132,0.921513
0.315954,0.920221
0.368732,0.920216
0.314391,0.89661
0.413186,0.916852
0.398793,0.811223
0.381872,0.889257
0.398409,0.934478
0.352234,0.884769
0.376072,0.853048
0.393456,0.874108
0.41055,0.899373
0.396516,0.937183
0.396711,0.846275
0.38944,0.884696
0.367105,0.936711
0.403515,0.906088
0.385207,0.904825
0.402837,0.909253
0.411551,0.929917
0.399792,0.861598
0.413953,0.882005
0.429723,0.915134
0.43485,0
0.459417,0
0.414719,0
0.431028,0
0.431533,0
0.478944,0
0.427199,0
0.42815,0
0.436664,0
0.427789,0
0.464074,0
0.408532,0
0.390588,0
0.382207,0
0.351053,0
0.352143,0
0.384664,0.281872
0.399788,0.680971
0.388236,0.662676
0.432422,0.873771
0.408037,0.640688
0.427444,0.546563
0.39268,0.774004
0.400389,0.830401
0.414033,0.790587
0.452029,0.759011
0.464723,0.912265
0.39016,0.940626
0.412658,0.871889
0.401322,0.799499
0.37179,0.873383
0.401953,0.80513
0.432906,0.821646
0.456015,0.883884
0.423288,0.895809
0.428723,0.866237
0.46829,0.844986
0.422812,0.914566
0.474841,0.799694
0.49676,0.826727
0.509219,0.881322
0.519482,0.784403
0.505091,0.804149
0.489648,0.855471
0.471345,0.897205
0.543887,0.858119
0.546513,0.898848
0.533849,0.912835
0.585578,0.939125
0.550951,0.930474
0.39583,0.877001
0.417004,0.348922
0.458268,0.330783
0.399173,0.513912
0.428634,0.752611
0.377617,0.898542
0.377084,0.905767
0.397693,0.869861
0.400122,0.890302
0.391773,0.868128
0.442156,0.894554
0.409245,0.901396
0.392444,0.899387
0.398573,0.89107
0.411004,0.888155
0.379977,0.873005
0.395602,0.892612
0.411664,0.835758
0.417727,0.909291
0.420601,0.856565
0.428618,0.862682
0.394799,0.878711
0.377393,0.880172
0.383031,0.891387
0.407606,0.826516
0.412747,0.854757
0.381043,0.874729
0.363656,0.875792
0.364541,0.887327
0.36328,0.884714
0.364202,0.915207
0.393106,0.870817
0.377454,0.906474
0.357908,0.926427
0.357365,0.908154
0.362348,0.894896
0.367646,0.89117
0.367655,0.891352
0.317239,0.849688
0.395181,0.918312
0.451712,0.91615
0.455281,0.848289
0.411589,0.83676
0.387512,0.872577
0.387458,0.892058
0.410835,0.807836
0.391566,0.869096
0.407763,0.82868
0.441234,0.803948
0.467077,0.678718
0.370428,0.738513
0.380078,0.874533
0.396657,0.723737
0.426764,0.452833
0.439135,0.808066
0.4231,0.756206
0.396223,0.742372
0.394824,0.687341
0.384127,0.732503
0.387247,0.789387
0.406103,0
0.405977,0
0.406067,0.572867
0.368139,0.740941
0.391503,0.751313
0.393516,0.751882
0.40481,0.790161
0.382461,0.793227
0.378415,0.805457
0.428996,0.888663
0.429653,0.801592
0.414658,0.72284
0.450451,0.818395
0.423292,0.648517
0.390565,0.795943
0.404503,0.716622
0.388455,0.692422
0.384125,0.734662
0.39571,0.776356
0.377928,0.847866
0.365827,0.796904
0.373639,0.813923
0.364449,0.857507
0.359834,0.837523
0.361139,0.869783
0.362838,0.816738
0.368533,0.849657
0.363218,0.860622
0.35964,0.873321
0.357545,0.663702
0.356167,0.528438
0.358491,0.606911
0.361274,0.511705
0.360761,0.732064
0.364001,0.89201
0.361093,0.872789
0.359087,0.833643
0.36995,0.880049
0.377742,0.860146
0.365017,0.893229
0.359967,0.854865
0.398664,0.796881
0.408829,0.691185
0.402721,0.843808
0.40789,0.810048
0.39908,0.864213
0.370283,0.854314
0.380582,0.869644
0.416927,0.886764
0.379341,0.804576
0.394105,0.86111
0.39885,0.888072
0.388618,0.83995
0.392674,0.854767
0.369832,0.865103
0.342855,0.827291
0.369673,0.821813
0.352019,0.818317
0.373966,0.840372
0.407036,0.805839
0.441107,0.788304
0.395208,0.81384
0.370332,0.855823
0.368832,0.853412
0.401116,0.869469
0.378136,0.88732
0.365221,0.859563
0.359794,0.838579
0.354748,0.870915
0.369562,0.855203
0.421763,0.861792
0.414953,0.84254
0.393038,0.885117
0.394698,0.863123
0.409758,0.85166
0.410403,0.73539
0.416879,0.87618
0.411814,0.856682
0.400436,0.86176
0.381727,0.870801
0.390849,0.841857
0.39541,0.688961
0.384988,0.855661
0.375128,0.890644
0.372662,0.841929
0.345191,0.909351
0.37645,0.877785
0.374492,0.885605
0.375814,0.883471
0.388074,0.815273
0.421421,0.902925
0.435677,0.868349
0.419021,0.816457
0.415279,0.814136
0.519428,0.759888
0.483215,0.731315
0.388502,0.789952
0.417093,0.950614
0.417004,0.346683
0.458268,0.33429
0.387062,0.530698
0.360596,0.494276
0.360298,0.47048
0.359519,0.476476
0.388773,0.584565
0.414357,0.777743
0.406929,0.839073
0.372136,0.515366
0.335527,0.550712
0.391065,0
0.406466,0
0.388275,0.466431
0.385753,0.774376
0.389299,0.805295
0.376212,0.778495
0.389781,0.796009
0.389089,0.747319
0.386216,0.640615
0.376992,0.429501
0.390483,0.80924
0.399718,0.638399
0.380387,0.702476
0.402072,0.364248
0.398237,0.269034
0.262356,0.269462
0,0.276832
0,0.385501
0,0
0,0
0,0
0,0
0,0
0,0
0,0
0,0
0,0
0,0
0,0
0,0
0,0
0,0
0,0
0,0
0,0
0,0
0,0
0,0
0,0
0,0
0,0
0,0
0,0
0,0
0,0
0.108428,0
0.401794,0
