"gc","map"
0.456506,0.748778
0.427147,0.921563
0.398176,0.962084
0.43529,0.979676
0.521008,0.973018
0.527651,0.977346
0.483704,0.953264
0.522195,0.968194
0.55449,0.942759
0.498522,0.935965
0.519158,0.946108
0.499611,0.946549
0.509799,0.927102
0.545584,0.892819
0.550085,0.967743
0.516237,0.944868
0.473839,0.870804
0.497368,0.962436
0.502499,0.981802
0.528255,0.958309
0.539049,0.96241
0.516802,0.933166
0.505632,0.967228
0.539297,0.936243
0.530832,0.956111
0.522949,0.932493
0.513696,0.934303
0.514006,0.934298
0.546932,0.917936
0.525716,0.967495
0.5176,0.973318
0.526838,0.947008
0.527088,0.925856
0.541026,0.97035
0.551993,0.976358
0.576101,0.941462
0.5155,0.960462
0.527096,0.95673
0.545262,0.962246
0.54172,0.938705
0.555947,0.950505
0.537487,0.973926
0.575555,0.959282
0.525048,0.959848
0.534622,0.95399
0.573676,0.933322
0.543206,0.929407
0.539362,0.952355
0.584817,0.96911
0.624302,0.953286
0.599374,0.96233
0.588922,0.953979
0.576474,0.936341
0.527036,0.969696
0.515063,0.95411
0.587516,0.971532
0.595563,0.976267
0.593894,0.979486
0.582981,0.972197
0.597091,0.96744
0.614118,0.971608
0.600137,0.966004
0.592968,0.952471
0.596454,0.970978
0.593734,0.970288
0.607482,0.959835
0.622371,0.970218
0.590999,0.963118
0.613203,0.964925
0.638242,0.968497
0.623896,0.96688
0.638393,0.979164
0.652348,0.977439
0.648077,0.979849
0.635526,0.968307
0.623759,0.958261
0.613223,0.973005
0.611815,0.965107
0.627711,0.966358
0.643059,0.96927
0.649565,0.974662
0.633574,0.978432
0.633828,0.980201
0.62622,0.891119
0.610897,0.975585
0.612859,0.957675
0.618402,0.957405
0.607691,0.979327
0.622506,0.971688
0.602883,0.95504
0.614202,0.969001
0.592077,0.947284
0.60665,0.94173
0.593649,0.956661
0.583158,0.965832
0.617343,0.973104
0.626719,0.965484
0.647234,0.980961
0.636916,0.977163
0.62268,0.96418
0.618512,0.961498
0.627615,0.975838
0.651941,0.966874
0.653345,0.962686
0.64855,0.966461
0.656311,0.972381
0.645333,0.97436
0.620815,0.98009
0.599629,0.939052
0.538327,0.951346
0.55551,0.978182
0.577624,0.970576
0.566104,0.945876
0.600609,0.952305
0.59369,0.958515
0.582617,0.971662
0.569301,0.958629
0.594345,0.967282
0.619766,0.964228
0.583632,0.954448
0.593838,0.5567
0.571649,0.68879
0.578873,0.461164
0.607921,0
0.60397,0.723374
0.111725,0.81088
0,0
0,0
0,0
0,0
0,0
0,0
0,0
0,0
0,0
0,0
0,0
0,0
0,0
0,0
0,0
0,0
0,0
0.474054,0.730478
0.577299,0.535485
0.568857,0.784886
0.582407,0.610132
0.588624,0.924852
0.584571,0.699357
0.578408,0.679827
0.563108,0.927415
0.542582,0.941313
0.584847,0.957421
0.54599,0.946658
0.533588,0.938026
0.52666,0.920474
0.493748,0.952908
0.578866,0.962245
0.608162,0.960261
0.590104,0.960774
0.560733,0.954753
0.554135,0.917278
0.586224,0.961944
0.623479,0.975647
0.60645,0.971694
0.578958,0.968752
0.596744,0.958083
0.581167,0.967251
0.596711,0.965206
0.617441,0.966199
0.622616,0.963863
0.601919,0.960536
0.618711,0.966658
0.605422,0.945358
0.61651,0.949619
0.570364,0.976061
0.60916,0.971447
0.592355,0.972545
0.603382,0.961916
0.588795,0.943612
0.590248,0.966667
0.566244,0.968567
0.580804,0.966144
0.588114,0.966157
0.601671,0.9725
0.620841,0.96392
0.633436,0.968683
0.642793,0.973641
0.656598,0.980089
0.660486,0.971658
0.664071,0.98461
0.6558,0.97572
0.638218,0.971234
0.636057,0.97339
0.655046,0.974119
0.658017,0.978532
0.651101,0.948838
0.63773,0.973106
0.639998,0.980072
0.629707,0.968183
0.581587,0.956786
0.511288,0.969504
0.542521,0.92351
0.536263,0.954825
0.524504,0.973444
0.527135,0.956906
0.552522,0.930385
0.595601,0.95898
0.575755,0.979998
0.57822,0.977247
0.589536,0.963761
0.57855,0.948496
0.568748,0.953808
0.592108,0.969905
0.598286,0.972535
0.63232,0.973169
0.632137,0.983849
0.622971,0.977917
0.616028,0.974199
0.619035,0.967911
0.596861,0.96416
0.609447,0.973251
0.600745,0.957285
0.526054,0.938305
0.576959,0.94314
0.581136,0.945042
0.535982,0.953524
0.573964,0.955972
0.478831,0.971404
0.564247,0.96616
0.553951,0.974403
0.575809,0.959242
0.581271,0.973761
0.597654,0.969936
0.562599,0.962912
0.575699,0.945268
0.571345,0.955116
0.61017,0.970828
0.63159,0.970919
0.617802,0.976725
0.60268,0.96133
0.600659,0.965335
0.59206,0.898517
0.609253,0.920901
0.574747,0.956085
0.561871,0.961835
0.586633,0.951477
0.588049,0.948808
0.598989,0.916732
0.553475,0.97223
0.534159,0.966085
0.55676,0.977209
0.534624,0.963668
0.614668,0.978156
0.596063,0.973343
0.597819,0.983159
0.590753,0.98315
0.563276,0.97876
0.550847,0.96
0.508677,0.963066
0.556718,0.964474
0.596641,0.978151
0.64473,0.965662
0.619159,0.974724
0.578883,0.972873
0.579432,0.979074
0.611095,0.97291
0.612542,0.974076
0.588458,0.974007
0.548791,0.970613
0.61344,0.978585
0.626389,0.978702
0.554087,0.9709
0.578679,0.950694
0.546113,0.946126
0.535549,0.959924
0.548255,0.953813
0.563402,0.964889
0.566126,0.981997
0.566689,0.970261
0.586603,0.962985
0.594502,0.943425
0.598583,0.957215
0.629566,0.963804
0.642895,0.966872
0.604532,0.965377
0.599189,0.965485
0.578002,0.950798
0.607233,0.962245
0.634863,0.976692
0.616304,0.974759
0.559335,0.955477
0.572891,0.966236
0.589637,0.962665
0.572885,0.978626
0.561853,0.976082
0.55296,0.950723
0.59541,0.963585
0.627558,0.96962
0.642665,0.986988
0.646773,0.972211
0.63939,0.976485
0.616534,0.966957
0.591877,0.974155
0.60537,0.950894
0.627349,0.964146
0.644741,0.971307
0.631471,0.976552
0.617109,0.978975
0.576203,0.964714
0.587575,0.942116
0.593553,0.954239
0.621947,0.954438
0.576632,0.969255
0.57235,0.957393
0.609205,0.968861
0.611244,0.973783
0.603539,0.964368
0.579172,0.963971
0.553098,0.952811
0.551964,0.962269
0.59106,0.970121
0.562892,0.946722
0.545168,0.961771
0.60677,0.97305
0.641096,0.967062
0.649115,0.964583
0.645885,0.97553
0.616516,0.973237
0.614792,0.976838
0.643147,0.973947
0.649124,0.979164
0.642267,0.973406
0.598664,0.961411
0.531611,0.952544
0.577441,0.932521
0.579219,0.576073
0.577301,0.948617
0.433061,0.692452
0.237172,0.68364
0.339969,0.615473
0.584579,0.488437
0.61656,0.410308
0.448433,0.73702
0.561378,0.86961
0.510015,0.93992
0.561021,0.834113
0.565977,0.967496
0.592802,0.954074
0.561643,0.96216
0.567392,0.955479
0.597657,0.978749
0.637951,0.978554
0.604544,0.977454
0.567461,0.973508
0.580746,0.933239
0.616599,0.957686
0.592571,0.934508
0.5429,0.953875
0.567582,0.922907
0.563618,0.842563
0.575221,0.941648
0.568518,0.890729
0.61636,0.97084
0.63926,0.972226
0.636335,0.968932
0.608743,0.957052
0.578036,0.978853
0.566828,0.96807
0.514592,0.974555
0.553506,0.962574
0.608018,0.975441
0.641767,0.975872
0.611333,0.97905
0.634242,0.974696
0.589583,0.973195
0.538781,0.958974
0.540172,0.961061
0.575053,0.960315
0.542711,0.832513
0.572635,0.794092
0.593711,0.882337
0.60151,0.977231
0.574927,0.967154
0.605741,0.944262
0.591124,0.971332
0.625209,0.964717
0.621631,0.975052
0.640795,0.977981
0.65297,0.981501
0.648849,0.982845
0.64045,0.97706
0.629659,0.982765
0.627196,0.978326
0.64261,0.983071
0.644811,0.974646
0.621947,0.97595
0.614055,0.963422
0.609883,0.963843
0.618661,0.974484
0.606048,0.963576
0.602464,0.967672
0.631143,0.967397
0.646855,0.975776
0.655701,0.977138
0.62767,0.969658
0.617867,0.966429
0.599889,0.955436
0.610801,0.963557
0.608278,0.965751
0.633898,0.963751
0.638666,0.983655
0.639916,0.980121
0.634986,0.975475
0.63449,0.977751
0.644498,0.970632
0.626923,0.96608
0.604811,0.973204
0.607047,0.952913
0.592405,0.961954
0.604713,0.951476
0.58168,0.963904
0.59344,0.971802
0.598612,0.968656
0.613033,0.961786
0.595974,0.978587
0.606497,0.967872
0.615294,0.971659
0.626977,0.966948
0.636985,0.975685
0.632632,0.97662
0.631247,0.964536
0.629492,0.954913
0.658779,0.981251
0.654834,0.973035
0.632592,0.965578
0.645691,0.973606
0.645201,0.976481
0.632588,0.965291
0.6104,0.964167
0.608724,0.974978
0.649534,0.9743
0.661823,0.972639
0.657768,0.966598
0.627233,0.96132
0.615083,0.965838
0.598178,0.948797
0.635214,0.977026
0.611869,0.968124
0.595132,0.968686
0.589718,0.945799
0.584299,0.93458
0.597355,0.947775
0.612815,0.980319
0.596043,0.976847
0.59898,0.954951
0.58585,0.961381
0.61353,0.948826
0.63388,0.96556
0.632031,0.966057
0.646436,0.977298
0.644625,0.974849
0.64107,0.972675
0.632116,0.973265
0.604423,0.960287
0.558378,0.970701
0.560291,0.984657
0.529458,0.942935
0.519144,0.968864
0.609844,0.978822
0.612364,0.979264
0.596383,0.969082
0.59878,0.96009
0.59414,0.964568
0.629039,0.977393
0.61367,0.977926
0.592446,0.956106
0.623623,0.964523
0.596893,0.97013
0.569118,0.952505
0.534423,0.940923
0.539456,0.957604
0.549789,0.957559
0.560199,0.965518
0.537857,0.974754
0.541998,0.976686
0.542247,0.973146
0.520383,0.972118
0.496791,0.981217
0.470856,0.975583
0.493214,0.956966
0.525503,0.817322
0.623269,0.959523
0.634559,0.970585
0.622355,0.974561
0.605692,0.971376
0.58939,0.965676
0.594473,0.961627
0.626918,0.966254
0.618296,0.980265
0.578917,0.971342
0.540819,0.953179
0.520111,0.964871
0.554855,0.951961
0.553557,0.962284
0.495562,0.968656
0.529996,0.973585
0.580138,0.952132
0.585839,0.971485
0.617342,0.973062
0.626583,0.97773
0.625781,0.959725
0.62259,0.96296
0.634444,0.970601
0.631129,0.965799
0.600255,0.961735
0.616398,0.97574
0.611823,0.975689
0.619171,0.95683
0.606429,0.961453
0.626163,0.971771
0.635663,0.97522
0.619227,0.978182
0.597081,0.97902
0.566701,0.943476
0.599262,0.951826
0.618578,0.967664
0.638915,0.973483
0.603578,0.965981
0.574325,0.964406
0.555459,0.964803
0.584972,0.952202
0.584507,0.964001
0.598183,0.954386
0.552637,0.964881
0.57648,0.96376
0.57343,0.959785
0.554969,0.969897
0.54429,0.963078
0.551756,0.938798
0.51993,0.930882
0.505298,0.925095
0.509733,0.95538
0.55807,0.933663
0.50666,0.965077
0.550592,0.962571
0.574623,0.97294
0.586266,0.977626
0.593515,0.962501
0.586689,0.941273
0.560024,0.951831
0.599786,0.973549
0.614645,0.976345
0.598654,0.964213
0.598626,0.984158
0.606903,0.972093
0.592826,0.983577
0.600442,0.972929
0.586542,0.967647
0.613381,0.967166
0.61239,0.970969
0.599557,0.967796
0.62318,0.973235
0.582149,0.977225
0.558545,0.969192
0.594169,0.968128
0.629586,0.970816
0.592169,0.85478
0.643134,0.975813
0.640124,0.979238
0.637219,0.974731
0.649936,0.978504
0.652071,0.973941
0.639479,0.977334
0.647926,0.972301
0.660993,0.979231
0.651868,0.970879
0.660828,0.976599
0.645578,0.972001
0.638876,0.967294
0.641044,0.968769
0.646479,0.970586
0.599583,0.865911
0.608172,0.634409
0.616932,0.471399
0.584995,0.816924
0.636856,0.969041
0.656102,0.966912
0.648658,0.969481
0.640165,0.975584
0.622709,0.958519
0.621628,0.967383
0.613348,0.966865
0.607161,0.94419
0.633295,0.975011
0.65411,0.977357
0.648095,0.977087
0.640457,0.97823
0.633338,0.970467
0.616069,0.974487
0.617121,0.973288
0.615363,0.945159
0.639342,0.975493
0.619076,0.972309
0.613317,0.960619
0.596517,0.963384
0.622405,0.979149
0.623799,0.976125
0.629361,0.97581
0.629985,0.984411
0.625172,0.974238
0.595465,0.956751
0.600135,0.957059
0.618688,0.940114
0.588294,0.965012
0.551697,0.973703
0.565675,0.969498
0.569673,0.89722
0.526359,0.975113
0.519436,0.980204
0.521305,0.960862
0.529889,0.951729
0.597502,0.917519
0.610175,0.966162
0.61252,0.959461
0.57349,0.961172
0.561993,0.973069
0.584065,0.969606
0.596811,0.938741
0.602059,0.948155
0.57049,0.951811
0.578798,0.967201
0.584906,0.972445
0.573593,0.95708
0.610892,0.954231
0.604257,0.973145
0.641225,0.978462
0.650722,0.973881
0.639488,0.968954
0.637572,0.974995
0.635855,0.96788
0.607033,0.966974
0.599551,0.970216
0.618447,0.965901
0.633633,0.970861
0.619494,0.94813
0.629644,0.964876
0.606553,0.956368
0.605996,0.970905
0.608136,0.971625
0.621763,0.959531
0.608122,0.963102
0.606317,0.964469
0.624213,0.970053
0.650526,0.970884
0.655817,0.969553
0.651314,0.974028
0.653329,0.970499
0.652603,0.970853
0.63582,0.974363
0.635156,0.978534
0.61735,0.972681
0.59171,0.9449
0.604575,0.97164
0.605184,0.965993
0.640959,0.978104
0.642917,0.974644
0.646598,0.973534
0.631807,0.967989
0.599046,0.957363
0.627302,0.973401
0.601661,0.952444
0.62502,0.964716
0.616605,0.958694
0.617915,0.971517
0.565363,0.943613
0.532702,0.954392
0.579653,0.939492
0.563604,0.957142
0.583089,0.971685
0.602036,0.973846
0.619913,0.975941
0.626217,0.975654
0.63154,0.968826
0.617342,0.973012
0.59609,0.970851
0.536945,0.96598
0.528448,0.910658
0.547947,0.922792
0.566052,0.940203
0.452955,0.851436
0.515621,0.937362
0.448746,0.962927
0.50877,0.948896
0.483273,0.926085
0.542482,0.92437
0.551029,0.962937
0.501369,0.96999
0.483655,0.976011
0.462639,0.960759
0.517968,0.801419
0.573212,0.977818
0.610116,0.966442
0.627089,0.972301
0.601755,0.975059
0.611173,0.973662
0.597563,0.972365
0.59396,0.973057
0.592272,0.966065
0.623372,0.972594
0.636078,0.973792
0.628476,0.974459
0.623924,0.973389
0.614601,0.96527
0.626542,0.981644
0.583189,0.972946
0.567683,0.960238
0.597493,0.962228
0.625152,0.977573
0.644583,0.978464
0.656782,0.978161
0.64568,0.981072
0.640441,0.981821
0.649227,0.981388
0.651276,0.976162
0.657521,0.979539
0.650171,0.978549
0.635442,0.972523
0.598104,0.964182
0.579306,0.962344
0.590994,0.938113
0.568944,0.941225
0.592375,0.968675
0.607856,0.965836
0.641475,0.968346
0.639113,0.973292
0.647271,0.96917
0.642283,0.971467
0.626238,0.972955
0.607228,0.956381
0.473593,0.687869
0.624739,0.458224
0.586864,0.809573
0.591209,0.944881
0.600743,0.949112
0.588679,0.96283
0.608576,0.958494
0.58188,0.94682
0.609611,0.960178
0.620653,0.967656
0.652168,0.967469
0.65119,0.968853
0.643422,0.970766
0.648647,0.972445
0.656634,0.967844
0.653359,0.971776
0.655064,0.973451
0.648977,0.969217
0.627207,0.960698
0.632919,0.944903
0.645573,0.92685
0.622938,0.952212
0.623907,0.95442
0.630097,0.95146
0.624516,0.968821
0.626953,0.972365
0.599798,0.937073
0.592233,0.967056
0.595356,0.956769
0.609563,0.965129
0.639922,0.97667
0.635912,0.97416
0.613732,0.967864
0.591254,0.94802
0.598556,0.957462
0.61953,0.96809
0.629246,0.965498
0.619591,0.954451
0.606653,0.956637
0.602311,0.960057
0.627127,0.971669
0.647261,0.969942
0.64753,0.955917
0.650998,0.970172
0.644076,0.973868
0.624141,0.958454
0.631692,0.97433
0.646764,0.978082
0.642694,0.956143
0.611209,0.958414
0.61579,0.955309
0.629307,0.973372
0.636911,0.969134
0.618428,0.946531
0.634046,0.953081
0.643796,0.969512
0.629669,0.959877
0.636549,0.96046
0.624012,0.972994
0.602264,0.966979
0.611624,0.957864
0.612384,0.959376
0.642664,0.965073
0.607036,0.953561
0.633548,0.979016
0.640265,0.975162
0.657663,0.971043
0.65673,0.978961
0.649306,0.970162
0.616466,0.912633
0.623794,0.934828
0.633026,0.968368
0.618738,0.969676
0.622389,0.962665
0.619665,0.962425
0.640606,0.971303
0.646815,0.977294
0.648037,0.969109
0.624468,0.954597
0.597898,0.95075
0.6363,0.966937
0.65177,0.97513
0.64356,0.899036
0.655243,0.9759
0.653723,0.978511
0.655207,0.968667
0.657639,0.972975
0.651344,0.985564
0.648429,0.97722
0.612528,0.967626
0.58394,0.954198
0.600239,0.968284
0.625457,0.964806
0.633778,0.971607
0.617433,0.921976
0.627088,0.931455
0.605031,0.954974
0.617674,0.969524
0.607976,0.963478
0.617187,0.969974
0.636115,0.968203
0.628062,0.969491
0.585962,0.959599
0.595972,0.974569
0.584921,0.965985
0.615855,0.975405
0.62843,0.975322
0.639822,0.978305
0.645093,0.971567
0.615275,0.956079
0.617617,0.961701
0.648766,0.966695
0.656365,0.976609
0.648108,0.977259
0.631589,0.968841
0.625781,0.948541
0.613173,0.950361
0.649131,0.970118
0.645029,0.96707
0.616447,0.968515
0.603104,0.957292
0.628775,0.959519
0.648607,0.978315
0.63469,0.974561
0.611541,0.96619
0.636979,0.977575
0.640897,0.974363
0.632604,0.97582
0.628142,0.968926
0.649002,0.973727
0.643507,0.972218
0.637387,0.980998
0.619824,0.976212
0.596628,0.96988
0.574709,0.958695
0.563343,0.963099
0.58964,0.966154
0.581284,0.956141
0.610173,0.965763
0.599445,0.95429
0.594697,0.902953
0.363688,0.691457
0.477227,0.91718
0.463522,0.959333
0.548505,0.982301
0.559505,0.98137
0.600118,0.980016
0.580501,0.980489
0.559186,0.979359
0.594262,0.964961
0.614819,0.974371
0.595623,0.975838
0.558881,0.964257
0.609707,0.980614
0.643911,0.977384
0.619042,0.976425
0.567989,0.972091
0.60758,0.972169
0.580297,0.958495
0.562702,0.950957
0.643589,0.972867
0.65029,0.97423
0.6485,0.914728
0.643494,0.894667
0.645979,0.950935
0.645547,0.975909
0.649033,0.973768
0.650874,0.97022
0.65068,0.978707
0.655143,0.97637
0.651076,0.971073
0.653448,0.970466
0.643721,0.972236
0.583021,0.963737
0.578006,0.948176
0.603931,0.967
0.601119,0.87721
0.607566,0.963577
0.611321,0.968487
0.59924,0.939847
0.591932,0.974139
0.625282,0.970464
0.616542,0.95767
0.624433,0.967615
0.616406,0.9588
0.597221,0.934119
0.635922,0.966721
0.642949,0.954769
0.591896,0.849728
0.602674,0.645557
0.607882,0
0.584778,0.651302
0.593852,0.906129
0.644553,0.970953
0.640985,0.965982
0.613498,0.955518
0.597023,0.968471
0.602868,0.953951
0.586373,0.962631
0.603094,0.960933
0.617259,0.966562
0.626866,0.978452
0.618431,0.954759
0.600798,0.97413
0.603161,0.942007
0.636049,0.968417
0.627642,0.966112
0.617015,0.962667
0.607218,0.968423
0.614206,0.964268
0.597636,0.970607
0.595791,0.893944
0.613499,0.473112
0.602696,0.898988
0.595951,0.969189
0.590624,0.97628
0.591997,0.970291
0.612521,0.945522
0.581824,0.953455
0.59649,0.967497
0.601686,0.954448
0.596039,0.954703
0.590212,0.94768
0.607906,0.959991
0.614695,0.963109
0.635096,0.975828
0.64852,0.975735
0.657258,0.975215
0.645604,0.96338
0.634828,0.962479
0.629773,0.966392
0.641445,0.978329
0.629794,0.960747
0.627705,0.972403
0.651014,0.977196
0.627205,0.966192
0.632115,0.970164
0.614896,0.971355
0.612559,0.969823
0.627614,0.957612
0.627613,0.962637
0.639901,0.938777
0.641876,0.939694
0.65028,0.965215
0.636531,0.968864
0.632565,0.976187
0.651044,0.974679
0.658783,0.978083
0.651925,0.969549
0.624132,0.987843
0.629451,0.96623
0.619594,0.971326
0.630796,0.963145
0.620981,0.969745
0.604363,0.963106
0.60213,0.968338
0.620746,0.956708
0.611054,0.969084
0.60991,0.969761
0.640248,0.973196
0.629053,0.96939
0.618255,0.962346
0.642876,0.969945
0.647418,0.967003
0.612616,0.962948
0.620517,0.975594
0.606588,0.968141
0.631502,0.975096
0.594478,0.94718
0.610767,0.967494
0.627827,0.968045
0.6392,0.966281
0.633003,0.955708
0.607596,0.94704
0.554582,0.958192
0.542087,0.971036
0.550749,0.93714
0.542784,0.984455
0.591806,0.965945
0.5807,0.971685
0.551516,0.942771
0.525329,0.948437
0.577389,0.954628
0.554487,0.96296
0.558869,0.958093
0.603006,0.977699
0.626962,0.964463
0.616816,0.967009
0.597568,0.970303
0.611053,0.96772
0.615557,0.973065
0.550187,0.968427
0.53057,0.968651
0.555138,0.967
0.614184,0.966076
0.601594,0.967635
0.557399,0.959981
0.602787,0.972029
0.611468,0.966868
0.570829,0.950331
0.596115,0.979556
0.586257,0.97557
0.575773,0.955185
0.637487,0.976426
0.636569,0.96685
0.621565,0.959006
0.643738,0.976272
0.639073,0.973369
0.621666,0.97231
0.611818,0.981415
0.55235,0.966719
0.578701,0.975417
0.558582,0.975905
0.569094,0.961443
0.521595,0.956784
0.550113,0.968937
0.561908,0.965318
0.556934,0.954695
0.518616,0.904831
0.521388,0.877763
0.519742,0.941718
0.505614,0.942957
0.536695,0.946539
0.481174,0.916346
0.535388,0.96088
0.559109,0.976979
0.578937,0.968961
0.542294,0.964835
0.577627,0.965673
0.571591,0.969473
0.571776,0.968703
0.563196,0.960597
0.615316,0.968714
0.626368,0.969046
0.579544,0.954805
0.587286,0.968924
0.602509,0.972051
0.57863,0.966844
0.564813,0.970995
0.568223,0.961154
0.580387,0.965053
0.583781,0.949319
0.603368,0.962957
0.613792,0.961293
0.598444,0.964483
0.58455,0.952861
0.622957,0.975132
0.629472,0.967298
0.592498,0.960458
0.604365,0.975904
0.587282,0.905976
0.589284,0.956624
0.58818,0.957367
0.583951,0.953778
0.542331,0.947014
0.516711,0.939481
0.563306,0.947201
0.503084,0.957051
0.528865,0.948471
0.538821,0.947916
0.540638,0.959666
0.541097,0.957674
0.597791,0.969162
0.559056,0.973039
0.547499,0.98608
0.529167,0.964154
0.54567,0.939349
0.508322,0.957697
0.547901,0.962648
0.60504,0.973915
0.606574,0.972857
0.611079,0.96977
0.643375,0.974628
0.637528,0.966657
0.633875,0.972931
0.623926,0.966462
0.580899,0.950872
0.593926,0.966406
0.638669,0.971208
0.64724,0.969556
0.623114,0.971798
0.61875,0.786948
0.552781,0.742773
0.498509,0.491796
0.483392,0.741121
0.632908,0.923523
0.647381,0.968505
0.619172,0.946006
0.648634,0.965415
0.656851,0.968855
0.652836,0.970171
0.658484,0.971092
0.649463,0.972749
0.63817,0.971531
0.618055,0.956041
0.626393,0.972808
0.636179,0.967913
0.588392,0.937479
0.634984,0.949418
0.619674,0.961015
0.632839,0.956395
0.63717,0.956352
0.63263,0.958752
0.623029,0.968395
0.635384,0.955736
0.638146,0.960741
0.619102,0.952059
0.624743,0.959796
0.617949,0.958229
0.60402,0.940208
0.616585,0.942051
0.603212,0.957033
0.614034,0.965729
0.573742,0.957766
0.608056,0.978063
0.638836,0.976244
0.648766,0.974748
0.653269,0.980016
0.655509,0.97519
0.618681,0.97492
0.630081,0.972484
0.641346,0.975365
0.631273,0.974147
0.606575,0.958089
0.635887,0.9728
0.648759,0.975166
0.65797,0.971794
0.652495,0.969406
0.624877,0.964131
0.59994,0.964284
0.590268,0.960762
0.578061,0.950087
0.580286,0.958222
0.593617,0.951852
0.591204,0.952001
0.590279,0.962222
0.623954,0.973521
0.622885,0.973143
0.633221,0.97051
0.636284,0.956989
0.627821,0.970573
0.615174,0.957306
0.611103,0.966924
0.624299,0.976455
0.649398,0.962337
0.630059,0.956623
0.629735,0.968758
0.642591,0.979054
0.635991,0.973628
0.610192,0.973685
0.635626,0.965442
0.633411,0.967957
0.641132,0.976791
0.630644,0.974945
0.613442,0.966611
0.610643,0.957906
0.621755,0.973834
0.623262,0.97607
0.591449,0.959595
0.621875,0.971367
0.602039,0.966987
0.599013,0.970383
0.591575,0.963038
0.603352,0.959773
0.645768,0.974314
0.645941,0.973058
0.621726,0.973739
0.603863,0.970391
0.610585,0.966265
0.625034,0.969413
0.628695,0.973719
0.620048,0.975383
0.585073,0.960909
0.576328,0.953165
0.56345,0.958832
0.584421,0.950719
0.616946,0.96782
0.632402,0.970522
0.591134,0.959611
0.606127,0.972156
0.594562,0.974054
0.558334,0.970172
0.553,0.945544
0.568245,0.967866
0.580079,0.954233
0.580767,0.970172
0.612745,0.976238
0.582431,0.980407
0.616161,0.970097
0.593356,0.978467
0.55017,0.968015
0.517,0.956372
0.52518,0.974487
0.553152,0.970655
0.488681,0.944493
0.445663,0.955359
0.436808,0.956555
0.470985,0.952023
0.576676,0.97317
0.516271,0.9465
0.501408,0.88744
0.521371,0.875686
0.616941,0.966183
0.62486,0.977773
0.651348,0.972716
0.634437,0.961228
0.644159,0.980703
0.631326,0.967711
0.642541,0.969441
0.647551,0.977253
0.644475,0.977892
0.623574,0.972584
0.629137,0.971414
0.637145,0.981491
0.637906,0.963867
0.623632,0.966354
0.609244,0.972053
0.591625,0.961389
0.592378,0.943867
0.59941,0.969832
0.589276,0.976568
0.590576,0.961111
0.579688,0.963158
0.592662,0.983549
0.584962,0.952241
0.557849,0.969035
0.594208,0.974608
0.587177,0.914473
0.605491,0.9706
0.607346,0.954839
0.599835,0.902778
0.575626,0.96696
0.60021,0.969989
0.610961,0.971063
0.594346,0.951136
0.610534,0.960311
0.601273,0.983818
0.600867,0.974619
0.574703,0.951641
0.512631,0.944829
0.551481,0.936429
0.612004,0.978109
0.549223,0.966589
0.609882,0.963316
0.628143,0.978258
0.577094,0.974129
0.581834,0.951753
0.627992,0.976211
0.637013,0.972028
0.618559,0.965333
0.556496,0.924308
0.551869,0.842045
0.58061,0.845944
0.582581,0.722691
0.610487,0.438383
0.583061,0.630122
0.551588,0.7749
0.58401,0.871776
0.564075,0.799162
0.589731,0.933087
0.583744,0.821829
0.5457,0.904128
0.560051,0.884659
0.567283,0.950578
0.576377,0.964884
0.579916,0.970801
0.558393,0.954618
0.562714,0.866489
0.507656,0.887761
0.500898,0.879851
0.513175,0.854688
0.548458,0.793999
0.598804,0.91929
0.62501,0.972387
0.645885,0.975059
0.634679,0.974397
0.642581,0.971785
0.645046,0.975034
0.649598,0.97323
0.654803,0.970556
0.65586,0.982562
0.641789,0.969786
0.623081,0.96089
0.635987,0.974884
0.643218,0.968848
0.622386,0.95088
0.611448,0.956294
0.616356,0.960576
0.635163,0.969007
0.62874,0.969323
0.620957,0.9715
0.613394,0.971308
0.598696,0.914759
0.524845,0.94317
0.546014,0.936993
0.487672,0.908718
0.49773,0.934439
0.527179,0.881522
0.614471,0.921526
0.603002,0.954628
0.572514,0.952396
0.59082,0.955643
0.613249,0.96369
0.610858,0.968421
0.646999,0.966036
0.637048,0.970502
0.624656,0.971044
0.616581,0.969857
0.637447,0.967781
0.642765,0.976875
0.647394,0.978068
0.616912,0.969215
0.619279,0.978609
0.64563,0.97972
0.655613,0.972743
0.641598,0.977241
0.6314,0.97217
0.630541,0.973409
0.629322,0.967647
0.636258,0.968765
0.647786,0.972991
0.640672,0.968766
0.598133,0.974683
0.52581,0.923391
0.563326,0.945942
0.578054,0.95309
0.570132,0.960981
0.554668,0.982805
0.611953,0.971651
0.589336,0.970206
0.587869,0.964053
0.625967,0.968848
0.612029,0.974885
0.576809,0.945168
0.561886,0.953575
0.562172,0.937764
0.582999,0.964705
0.581123,0.963372
0.558493,0.933469
0.610318,0.946148
0.638706,0.969784
0.640704,0.966955
0.627361,0.972701
0.577566,0.955807
0.529435,0.921957
0.55499,0.88119
0.50229,0.970555
0.570945,0.896402
0.585005,0.926811
0.561414,0.937355
0.519134,0.974074
0.561678,0.968802
0.499299,0.957954
0.517384,0.959738
0.530166,0.954753
0.509875,0.920843
0.516046,0.956231
0.578614,0.963167
0.609066,0.972971
0.621281,0.983626
0.622341,0.980778
0.569301,0.962691
0.520591,0.652664
0.562922,0.925436
0.581432,0.961692
0.546856,0.982027
0.540889,0.969618
0.542613,0.79966
0.62013,0.973278
0.649702,0.974601
0.628051,0.977902
0.636737,0.971738
0.606919,0.974231
0.604809,0.976313
0.586186,0.975075
0.56539,0.976227
0.548001,0.977924
0.509347,0.968244
0.55649,0.962576
0.621861,0.974956
0.588427,0.964515
0.577984,0.973557
0.556479,0.974436
0.57656,0.963765
0.57549,0.970905
0.579285,0.952028
0.621665,0.968126
0.618271,0.979264
0.590623,0.955476
0.624246,0.9692
0.617092,0.977487
0.616533,0.969064
0.549079,0.970254
0.555126,0.948346
0.632536,0.958546
0.594011,0.967385
0.547099,0.962357
0.560717,0.938714
0.591482,0.939485
0.588269,0.459996
0.579114,0.596572
0.557479,0.961297
0.585388,0.935732
0.571248,0.953164
0.630767,0.971188
0.64318,0.964524
0.619873,0.96651
0.602127,0.969048
0.597957,0.950736
0.596281,0.957205
0.59307,0.961498
0.602846,0.955783
0.606966,0.968895
0.612137,0.971361
0.635503,0.971557
0.596053,0.966795
0.60731,0.96773
0.626777,0.970357
0.620757,0.970236
0.628556,0.970231
0.606415,0.959193
0.590691,0.958657
0.606248,0.958359
0.630606,0.975869
0.60424,0.956243
0.606493,0.952161
0.618123,0.973835
0.614571,0.971342
0.595235,0.957577
0.614375,0.967234
0.645031,0.969569
0.645326,0.978496
0.65381,0.972656
0.646679,0.975802
0.618961,0.96888
0.58724,0.95663
0.618317,0.966781
0.654921,0.977089
0.647804,0.966159
0.645153,0.968524
0.574972,0.958678
0.621189,0.970235
0.642064,0.962539
0.645825,0.970299
0.631824,0.960736
0.624239,0.966739
0.62863,0.966392
0.631258,0.972878
0.603539,0.964731
0.589862,0.954003
0.597725,0.968397
0.596915,0.974014
0.579053,0.951537
0.594778,0.960309
0.629693,0.951103
0.58309,0.955561
0.578814,0.968993
0.572697,0.959864
0.619419,0.966962
0.61898,0.974104
0.637957,0.975074
0.627733,0.970627
0.627533,0.971407
0.627593,0.966472
0.629758,0.971851
0.655532,0.978895
0.654237,0.976179
0.657618,0.976624
0.657249,0.98123
0.654565,0.971031
0.638599,0.977654
0.611847,0.972296
0.608961,0.975598
0.607224,0.973967
0.605814,0.953335
0.611813,0.968285
0.621648,0.966792
0.593338,0.970871
0.575314,0.963062
0.573909,0.964434
0.581818,0.969612
0.604233,0.965755
0.577751,0.967032
0.600968,0.972029
0.606483,0.973458
0.578126,0.977454
0.615642,0.965449
0.579919,0.98046
0.544276,0.978819
0.577041,0.977039
0.583966,0.975033
0.623796,0.97835
0.621482,0.973221
0.563871,0.968458
0.539536,0.982351
0.556282,0.961679
0.46273,0.980509
0.453018,0.974988
0.433902,0.959508
0.462187,0.942931
0.319802,0.889967
0.569752,0.921467
0.602924,0.96404
0.598333,0.973131
0.62265,0.971776
0.591443,0.96251
0.612652,0.955854
0.588297,0.938387
0.605693,0.974401
0.625775,0.974769
0.649109,0.978871
0.648536,0.970163
0.650866,0.973043
0.644956,0.977814
0.624151,0.975228
0.612145,0.975247
0.612565,0.940451
0.587236,0.972464
0.619369,0.963574
0.609703,0.973648
0.593561,0.948723
0.620217,0.9729
0.617719,0.958209
0.633166,0.963063
0.628238,0.973809
0.642706,0.966943
0.644766,0.969957
0.625148,0.967617
0.604634,0.966641
0.640384,0.972727
0.648712,0.974999
0.654473,0.973631
0.641759,0.963867
0.601888,0.952079
0.56197,0.908512
0.540314,0.943019
0.552303,0.95632
0.552186,0.949469
0.568856,0.961876
0.559874,0.90534
0.61199,0.589665
0.611295,0.588641
0.603313,0.552711
0.601216,0.636158
0.607641,0.617451
0.625357,0.431149
0.324052,0.434808
0,0
0,0
0,0
0,0
0,0
0,0
0,0
0,0
0,0
0,0
0,0
0,0
0,0
0,0
0.232485,0.614659
0.465963,0.604112
0.491224,0.518707
0.513447,0.588548
0.520737,0.605839
0.466743,0.638964
0.484045,0.515125
0.551821,0.496692
0.465056,0.929171
0.586814,0.961802
0.601207,0.970135
0.618128,0.970086
0.601591,0.954005
0.647766,0.981838
0.623928,0.971569
0.606544,0.961807
0.58945,0.963867
0.603484,0.960159
0.603289,0.962771
0.61056,0.976006
0.632895,0.969138
0.596485,0.953748
0.614793,0.968571
0.597163,0.942923
0.588449,0.968293
0.600208,0.940752
0.586047,0.956078
0.570277,0.958772
0.56515,0.944369
0.54058,0.974882
0.585281,0.961501
0.568972,0.965714
0.568467,0.940641
0.521056,0.965715
0.572801,0.915651
0.57185,0.970916
0.563336,0.926895
0.572211,0.935174
0.535926,0.967401
0.591468,0.978389
0.609412,0.95205
0.617793,0.975767
0.648947,0.968474
0.647857,0.97299
0.615336,0.963104
0.600212,0.9517
0.611764,0.965027
0.567578,0.966116
0.591963,0.974126
0.572556,0.97064
0.60732,0.962538
0.599611,0.953711
0.585967,0.961504
0.547971,0.968866
0.535277,0.973251
0.60984,0.972309
0.587342,0.977447
0.598678,0.983692
0.62821,0.978398
0.598047,0.977522
0.567094,0.967075
0.543985,0.963592
0.576712,0.955422
0.571277,0.970928
0.53171,0.960399
0.577188,0.948892
0.525159,0.967741
0.503241,0.960557
0.490781,0.919635
0.480517,0.945939
0.494909,0.953165
0.510352,0.952123
0.528655,0.964525
0.456113,0.963987
0.451043,0.970308
0.466151,0.968772
0.414422,0.964141
0.449049,0.943563
0.452162,0.852682
0.537647,0.952483
0.543195,0.968074
0.595126,0.980596
0.557384,0.975548
0.611151,0.9742
0.563871,0.95351
0.565352,0.959016
0.575775,0.967276
0.600796,0.97646
0.637774,0.976903
0.608911,0.975659
0.562199,0.968569
0.548875,0.941806
0.557403,0.953386
0.573146,0.963561
0.585308,0.954985
0.598327,0.9675
0.600589,0.962356
0.605523,0.96035
0.634326,0.973574
0.620549,0.963782
0.59005,0.952468
0.598978,0.962506
0.596244,0.962312
0.587553,0.962653
0.615126,0.962437
0.595438,0.949191
0.607248,0.948822
0.590306,0.962315
0.569311,0.959999
0.56962,0.950764
0.60114,0.962505
0.607297,0.935058
0.585781,0.970739
0.585012,0.964217
0.579737,0.960154
0.615199,0.954247
0.603643,0.930212
0.572249,0.819636
0.580562,0.87769
0.615826,0.445108
0.504112,0.746873
0.545293,0.8657
0.535497,0.958955
0.565927,0.96625
0.590526,0.870813
0.567401,0.770596
0.499855,0.876502
0.562354,0.956971
0.560882,0.94192
0.601196,0.900232
0.635039,0.976787
0.627341,0.970168
0.644681,0.967955
0.651513,0.975576
0.656337,0.972106
0.651031,0.97219
0.645015,0.970941
0.614587,0.964552
0.611004,0.962422
0.618021,0.980874
0.622417,0.977605
0.600408,0.973132
0.603506,0.955872
0.634417,0.971846
0.647166,0.969834
0.64098,0.971191
0.622403,0.946149
0.579138,0.934744
0.526597,0.96583
0.524188,0.963806
0.493932,0.976351
0.571381,0.941493
0.568317,0.928252
0.607457,0.955141
0.562273,0.967992
0.601242,0.971494
0.547105,0.974289
0.528878,0.980323
0.528078,0.900971
0.563652,0.940518
0.635886,0.9726
0.626119,0.979353
0.621886,0.972193
0.58795,0.959928
0.60299,0.974191
0.537621,0.962248
0.601323,0.863692
0.618811,0.979669
0.607805,0.968544
0.618041,0.965082
0.603634,0.961889
0.590546,0.943549
0.574432,0.959975
0.604069,0.938472
0.585721,0.949552
0.582568,0.965842
0.515065,0.956171
0.585556,0.964835
0.583002,0.949209
0.544035,0.954541
0.539482,0.960447
0.529054,0.934643
0.535785,0.954075
0.579543,0.977756
0.614215,0.973098
0.615734,0.970963
0.624892,0.982464
0.628162,0.972393
0.601891,0.954742
0.578499,0.972443
0.598163,0.976834
0.581561,0.9681
0.570364,0.979264
0.576745,0.970564
0.636083,0.967393
0.577717,0.972882
0.563037,0.975499
0.584473,0.971574
0.540649,0.950004
0.582555,0.970563
0.571192,0.967081
0.550005,0.969558
0.547257,0.981115
0.511365,0.966167
0.560463,0.964157
0.565752,0.971476
0.562239,0.979214
0.549571,0.983966
0.550747,0.986328
0.535006,0.97348
0.513403,0.975261
0.451858,0.967339
0.424248,0.934285
0.424805,0.931438
0.431694,0.960121
0.466842,0.979182
0.527815,0.890034
0.599837,0.932348
0.61701,0.960541
0.579291,0.965242
0.598105,0.965179
0.554297,0.962763
0.576428,0.939375
0.584037,0.963384
0.569151,0.980542
0.56489,0.976921
0.591704,0.959687
0.600181,0.950154
0.585105,0.986346
0.614864,0.966791
0.548266,0.968339
0.576262,0.941559
0.565854,0.974477
0.591339,0.968941
0.629189,0.975593
0.635429,0.97209
0.640663,0.967675
0.647782,0.973716
0.647458,0.962153
0.635184,0.970481
0.604071,0.967847
0.634164,0.970158
0.634433,0.971579
0.615601,0.977767
0.623486,0.968886
0.588313,0.953911
0.580457,0.96316
0.575655,0.968677
0.581669,0.971666
0.586124,0.972891
0.6448,0.976857
0.647955,0.972485
0.63526,0.950983
0.632534,0.970465
0.631935,0.974446
0.623919,0.962284
0.594156,0.962743
0.522077,0.976452
0.525802,0.972957
0.552638,0.949528
0.535585,0.931101
0.60605,0.871069
0.635089,0.801721
0.503273,0.918894
0.552368,0.412276
0.598818,0.412122
0.598895,0.409667
0.550508,0.809742
0.633612,0.923169
0.635865,0.961347
0.548705,0.953851
0.615166,0.9594
0.592123,0.948297
0.580917,0.958575
0.485551,0.954133
0.521561,0.9267
0.560195,0.916103
0.457322,0.960651
0.482194,0.94126
0.504844,0.940745
0.499249,0.871777
0.513174,0.949483
0.480841,0.973843
0.4694,0.968247
0.49821,0.872312
0.52893,0.958808
0.550097,0.951962
0.582439,0.960282
0.534684,0.960175
0.550396,0.965889
0.56917,0.942502
0.566739,0.966876
0.580418,0.981061
0.626278,0.975316
0.642367,0.978902
0.622145,0.968368
0.60856,0.961601
0.63441,0.976755
0.619142,0.960633
0.590295,0.955597
0.607653,0.958697
0.628931,0.944197
0.636264,0.827629
0.642148,0.950532
0.639177,0.975126
0.603517,0.973071
0.599388,0.962164
0.592146,0.956938
0.609284,0.972577
0.62097,0.966102
0.642735,0.974176
0.644837,0.965992
0.65202,0.977735
0.625494,0.968346
0.623081,0.959652
0.601195,0.958659
0.629287,0.968138
0.641119,0.981242
0.643773,0.976745
0.63064,0.974224
0.606197,0.956186
0.607664,0.956289
0.616334,0.967744
0.603938,0.964017
0.585372,0.971383
0.576176,0.969071
0.563092,0.970415
0.579519,0.972764
0.579095,0.983931
0.548253,0.975588
0.520665,0.963088
0.53709,0.948755
0.507729,0.969563
0.534848,0.97692
0.58791,0.970862
0.58916,0.962359
0.571547,0.961075
0.598788,0.970744
0.561034,0.964521
0.531584,0.975419
0.609277,0.978689
0.578113,0.980771
0.589541,0.95493
0.560349,0.962711
0.568609,0.981341
0.584169,0.982787
0.559123,0.980458
0.533622,0.965138
0.486689,0.959853
0.539969,0.941537
0.575116,0.962383
0.525473,0.970976
0.529352,0.970953
0.571445,0.970406
0.55992,0.978136
0.502396,0.943372
0.573924,0.921905
0.569991,0.871504
0.601226,0.916243
0.6243,0.957327
0.59674,0.946554
0.573838,0.948664
0.584588,0.981353
0.604028,0.953986
0.625594,0.97676
0.633756,0.980184
0.644258,0.962806
0.636447,0.970886
0.608853,0.962104
0.634701,0.965938
0.633692,0.96179
0.62235,0.96817
0.639459,0.971987
0.620326,0.978561
0.609978,0.961543
0.609894,0.973047
0.602085,0.954273
0.633038,0.97373
0.614274,0.96077
0.593899,0.966916
0.571268,0.902219
0.589051,0.940196
0.63273,0.947743
0.549606,0.903458
0.614473,0.42312
0.61424,0.442643
0.585907,0.868759
0.624022,0.940733
0.629249,0.955604
0.637532,0.979641
0.62706,0.968718
0.603111,0.953762
0.630227,0.970161
0.631478,0.968495
0.614501,0.970833
0.611069,0.953313
0.568521,0.962118
0.56312,0.939199
0.525313,0.943288
0.569098,0.930223
0.551135,0.946589
0.503721,0.964209
0.528863,0.944812
0.5517,0.943881
0.593544,0.938125
0.534831,0.92223
0.522648,0.951434
0.615863,0.962555
0.637071,0.968147
0.652793,0.971287
0.638485,0.963119
0.611871,0.970552
0.618327,0.911094
0.587611,0.950489
0.612613,0.973849
0.609982,0.969444
0.605597,0.968954
0.597839,0.960155
0.600971,0.963395
0.620242,0.966718
0.622538,0.977046
0.635213,0.972655
0.650039,0.964487
0.648206,0.971917
0.627595,0.97277
0.608996,0.962826
0.631112,0.970169
0.648067,0.978886
0.627233,0.967874
0.637048,0.965558
0.649169,0.972075
0.634683,0.968135
0.638337,0.961666
0.653439,0.977762
0.653356,0.978779
0.65418,0.964221
0.64632,0.963811
0.637517,0.971593
0.61565,0.975767
0.642343,0.978598
0.638611,0.982333
0.606891,0.969517
0.586729,0.964802
0.579826,0.961015
0.589418,0.946414
0.60121,0.96017
0.613561,0.969032
0.594079,0.964872
0.627716,0.968556
0.600266,0.959169
0.598299,0.955206
0.608464,0.969616
0.598492,0.967552
0.574384,0.957728
0.587444,0.96514
0.581797,0.966565
0.570002,0.966847
0.540249,0.972355
0.524863,0.962543
0.550787,0.931605
0.533349,0.939087
0.561952,0.951721
0.506809,0.969628
0.556879,0.971227
0.573819,0.980432
0.565005,0.961282
0.539885,0.962007
0.573185,0.951441
0.560377,0.957842
0.527331,0.932744
0.512744,0.926923
0.529855,0.927451
0.530525,0.939463
0.485376,0.965613
0.558798,0.965974
0.594582,0.976069
0.586497,0.973519
0.550507,0.967971
0.56977,0.966968
0.529172,0.971102
0.489802,0.942333
0.456627,0.947985
0.556531,0.936961
0,0
0,0
0,0
0,0
0,0
0,0
0,0
0,0
0,0
0,0
0,0
0,0
0,0
0,0
0,0
0,0
0.616155,0
0.612726,0
0.485498,0.702082
0.582618,0.89191
0.573942,0.959146
0.576486,0.947695
0.604798,0.957628
0.593019,0.957644
0.569329,0.92875
0.583773,0.963589
0.579074,0.969852
0.570143,0.965818
0.588311,0.960666
0.583296,0.968482
0.568208,0.965812
0.594113,0.966171
0.606856,0.96894
0.606959,0.974398
0.612299,0.974096
0.628132,0.973789
0.607655,0.972849
0.635094,0.975003
0.633684,0.972944
0.616046,0.973622
0.579889,0.956583
0.606403,0.953234
0.603971,0.969008
0.607862,0.975825
0.580143,0.967951
0.577671,0.955766
0.606959,0.958268
0.614295,0.960729
0.602913,0.960427
0.594475,0.952799
0.606013,0.971989
0.580805,0.964782
0.585462,0.895118
0.623731,0.982395
0.641344,0.972867
0.657727,0.975326
0.659444,0.976067
0.653923,0.980013
0.647941,0.977547
0.624139,0.976497
0.623804,0.969546
0.647952,0.97582
0.659233,0.98084
0.654585,0.961246
0.658259,0.97947
0.656871,0.977394
0.649555,0.978215
0.650661,0.973906
0.660198,0.983855
0.658977,0.97527
0.657914,0.981869
0.653616,0.983637
0.630996,0.972023
0.60886,0.970856
0.625288,0.976578
0.617382,0.970718
0.621493,0.974184
0.62632,0.972275
0.62651,0.974776
0.623793,0.966709
0.626937,0.963188
0.651973,0.97291
0.657456,0.978969
0.653618,0.978981
0.654316,0.981155
0.651054,0.977518
0.62251,0.974758
0.657964,0.976497
0.655114,0.9819
0.654389,0.98154
0.64145,0.974852
0.634428,0.975599
0.643387,0.969012
0.634112,0.980243
0.606068,0.973803
0.590283,0.955655
0.616387,0.974725
0.596511,0.9661
0.557852,0.964313
0.563922,0.960557
0.585288,0.957082
0.62602,0.976179
0.613898,0.97889
0.631178,0.980781
0.640645,0.979374
0.63405,0.98212
0.60101,0.979944
0.624808,0.980016
0.621529,0.976938
0.589611,0.972359
0.543821,0.967866
0.478036,0.973018
0.519517,0.964649
0.457739,0.958817
0.488274,0.943177
0,0
0,0
0,0
0,0
0,0
0,0
0,0
0,0
0,0
0,0
0,0
0,0
0,0
0,0
0,0
0,0
0.605751,0.65413
0.612514,0
0.47931,0.569795
0.540718,0.753198
0.584012,0.942231
0.583884,0.952189
0.573277,0.953229
0.546613,0.946286
0.553866,0.953727
0.621497,0.96239
0.642862,0.978132
0.655729,0.954755
0.64262,0.969393
0.637374,0.9709
0.621794,0.971687
0.599416,0.944288
0.615102,0.964838
0.611902,0.979185
0.577508,0.931622
0.598971,0.944178
0.606635,0.97143
0.625576,0.961192
0.622336,0.96442
0.616332,0.945847
0.651883,0.973892
0.654186,0.972096
0.65311,0.970929
0.654883,0.971205
0.631009,0.959698
0.625091,0.957584
0.654882,0.967098
0.644226,0.974574
0.645872,0.960258
0.59448,0.948561
0.592031,0.956664
0.598715,0.968639
0.604156,0.953754
0.607151,0.964239
0.586798,0.962113
0.591365,0.961132
0.596131,0.970086
0.609104,0.956922
0.601764,0.961277
0.608451,0.964332
0.61827,0.9579
0.589367,0.969893
0.626141,0.971221
0.595166,0.949639
0.561898,0.95852
0.582127,0.958874
0.616908,0.961369
0.588159,0.957558
0.5646,0.974555
0.555427,0.965585
0.582379,0.955485
0.593564,0.95901
0.56149,0.972799
0.556106,0.926679
0.540245,0.951681
0.565345,0.961827
0.535275,0.96176
0.54091,0.954599
0.589725,0.980365
0.616729,0.976335
0.627404,0.968701
0.601766,0.967051
0.640114,0.980543
0.64807,0.983661
0.640668,0.982156
0.62637,0.973714
0.640228,0.966712
0.615028,0.974058
0.59789,0.965526
0.568737,0.963833
0.554461,0.961414
0.562159,0.95657
0.535284,0.955342
0.548356,0.967423
0.547042,0.972552
0.543191,0.977726
0.56364,0.975462
0.575909,0.982252
0.57959,0.982946
0.518763,0.977368
0.508512,0.971562
0.530649,0.969023
0.520966,0.937817
0.513119,0.941155
0.453089,0.969622
0.445351,0.910718
0.518318,0.908079
0,0
0,0
0,0
0,0
0,0
0,0
0,0
0,0
0,0
0,0
0,0
0,0
0,0
0,0
0,0
0,0
0,0
0,0
0.62276,0.654792
0.6213,0.488449
0.590519,0.669219
0.550609,0.679594
0.534714,0.580945
0.539192,0.775531
0.549618,0.922838
0.605976,0.872229
0.569492,0.974549
0.589927,0.974746
0.584286,0.979092
0.557796,0.822538
0.566479,0.962006
0.573128,0.797656
0.552237,0.944914
0.584228,0.894296
0.589817,0.966762
0.589345,0.938058
0.626291,0.96958
0.630146,0.978086
0.627175,0.964785
0.604894,0.967567
0.602324,0.978374
0.519837,0.951785
0.538449,0.936748
0.570406,0.951894
0.560682,0.930212
0.590669,0.915113
0.566634,0.946615
0.63221,0.973213
0.61379,0.975615
0.609636,0.982795
0.625607,0.960871
0.597098,0.943593
0.586144,0.963383
0.583375,0.960737
0.618174,0.975958
0.633254,0.968392
0.597596,0.945242
0.623692,0.959175
0.587461,0.978775
0.592243,0.96565
0.58357,0.958539
0.588317,0.976702
0.601814,0.981533
0.570618,0.968552
0.570676,0.962812
0.552304,0.938667
0.55389,0.950364
0.527487,0.96171
0.577672,0.967527
0.555409,0.970378
0.550441,0.975134
0.550259,0.971757
0.587104,0.966677
0.570662,0.953245
0.555786,0.971678
0.500071,0.944751
0.528387,0.922728
0.592946,0.953641
0.529105,0.954786
0.53157,0.947543
0.569063,0.969946
0.559028,0.974514
0.591561,0.966179
0.55772,0.911904
0.590288,0.960619
0.522878,0.899499
0.567975,0.946939
0.604906,0.97155
0.603479,0.967149
0.535886,0.969317
0.535359,0.954491
0.533441,0.942804
0.582299,0.971848
0.562254,0.963624
0.576517,0.961481
0.611725,0.977478
0.619482,0.982955
0.598967,0.980047
0.618989,0.974296
0.564282,0.969784
0.578188,0.955774
0.555964,0.962886
0.539718,0.941444
0.422314,0.943574
0.422333,0.953456
0.449011,0.926584
0.511297,0.946954
0.484954,0.945037
0.543052,0.944141
0.586973,0.977374
0.588364,0.979941
0.555819,0.96153
0.567959,0.964511
0.545736,0.954891
0.516667,0.949971
0.541146,0.958119
0.58027,0.965499
0.553078,0.908374
0.537599,0.874359
0.541936,0.848421
0.565353,0.964922
0.523644,0.745753
0.550859,0.953929
0.572584,0.941749
0.560324,0.875818
0.559488,0.944129
0.549227,0.955869
0.562211,0.958293
0.574426,0.959095
0.581986,0.969361
0.523462,0.965779
0.506589,0.903675
0.50992,0.814995
0.493954,0.912988
0.540564,0.918686
0.583713,0.685633
0.516044,0.69397
0.55218,0.812015
0.591704,0.953099
0.583399,0.783187
0.604923,0.446637
0.16585,0.473795
0,0
0,0
0,0
0,0
0,0
0,0
0,0
0.357651,0.921376
0.602999,0.953007
0.563297,0.962307
0.529926,0.979
0.541177,0.974282
0.583136,0.977808
0.605056,0.974288
0.599846,0.959908
0.565284,0.978331
0.563577,0.975763
0.548659,0.968374
0.503946,0.961717
0.555725,0.944265
0.627204,0.961829
0.634069,0.970166
0.638279,0.981012
0.630466,0.977627
0.638972,0.977911
0.629223,0.982639
0.588575,0.977726
0.52982,0.964182
0.49402,0.941922
0.535042,0.942308
0.556362,0.9274
0.524182,0.840134
0.573527,0.918063
0.588602,0.966255
0.576419,0.974277
0.562885,0.920842
0.559884,0.947489
0.635151,0.977353
0.585046,0.971204
0.574227,0.980173
0.573038,0.984021
0.586181,0.974965
0.524014,0.959787
0.581319,0.982591
0.562247,0.977707
0.509417,0.961674
0.461854,0.970675
0.512437,0.979212
0.492078,0.945383
0.427991,0.930667
0.458137,0.941627
0.358761,0.823572
0.451932,0.916318
0.479165,0.921086
0.511329,0.933919
0.530218,0.918015
0.508444,0.93871
0.544021,0.936526
0.537438,0.953604
0.489459,0.937294
0.527617,0.950962
0.54013,0.945866
0.56144,0.956509
0.571589,0.961115
0.593757,0.964271
0.596624,0.967372
0.594541,0.962212
0.565035,0.880321
0.555995,0.895894
0.486,0.956635
0.521948,0.833886
0.522993,0.932243
0.566789,0.843552
0.518822,0.878662
0.537562,0.847724
0.590868,0.473759
0.590956,0.454372
0.590954,0.46358
0.566008,0.769705
0.54802,0.943654
0.531724,0.949988
0.555386,0.942568
0.569076,0.907572
0.562271,0.927268
0.567573,0.930813
0.55348,0.983723
0.546224,0.975958
0.565974,0.943911
0.529207,0.930509
0.569847,0.942047
0.510432,0.897542
0.522345,0.941942
0.54213,0.954137
0.530074,0.942541
0.511275,0.931227
0.515193,0.928136
0.505488,0.936862
0.502491,0.916594
0.563541,0.889711
0.551326,0.904852
0.548315,0.952237
0.520913,0.948788
0.500557,0.963505
0.585657,0.961119
0.628088,0.976223
0.643305,0.975269
0.62463,0.963011
0.600483,0.970502
0.5811,0.968158
0.533307,0.968239
0.562435,0.946686
0.581186,0.92269
0.584838,0.927218
0.594882,0.960173
0.565712,0.892789
0.558298,0.954799
0.554018,0.905056
0.571089,0.964811
0.564844,0.961207
0.564843,0.936546
0.571648,0.940048
0.618523,0.967327
0.627745,0.979303
0.619052,0.975932
0.542607,0.966604
0.50834,0.964694
0.485554,0.959863
0.487829,0.930349
0.49507,0.939468
0.499743,0.955678
0.492108,0.949938
0.459967,0.973647
0.489141,0.959262
0.399555,0.958321
0.45937,0.947032
0.44794,0.936619
0.571251,0.933891
0.634217,0.970085
0.609443,0.96759
0.583634,0.959054
0.623675,0.971852
0.601131,0.979593
0.601205,0.973209
0.582192,0.96024
0.573608,0.970912
0.589243,0.959599
0.573596,0.961671
0.575994,0.952592
0.562943,0.930093
0.561314,0.964003
0.591796,0.754953
0.581156,0.599603
0.603064,0.419902
0.603153,0.418938
0.603241,0.424643
0.603668,0.419279
0.572402,0.620256
0.595318,0.946363
0.592202,0.964049
0.558411,0.955359
0.587011,0.9691
0.608246,0.977105
0.600028,0.966003
0.625053,0.977167
0.637414,0.976246
0.65417,0.982262
0.646932,0.981676
0.612304,0.966854
0.608519,0.966497
0.644677,0.977585
0.631456,0.973945
0.59417,0.963473
0.58624,0.972186
0.556388,0.972685
0.628133,0.986944
0.633202,0.979911
0.641443,0.981752
0.631339,0.987149
0.628956,0.974169
0.63948,0.975377
0.612909,0.973895
0.578101,0.97038
0.538281,0.962676
0.561593,0.977508
0.518827,0.978953
0.5756,0.960431
0.569597,0.96788
0.594942,0.967672
0.624289,0.982549
0.632306,0.969369
0.616682,0.971474
0.616381,0.981312
0.616557,0.975478
0.569384,0.961974
0.564341,0.965853
0.573922,0.963066
0.639082,0.973101
0.605656,0.976427
0.598435,0.966703
0.594932,0.96987
0.632795,0.97478
0.65307,0.981785
0.656194,0.983575
0.64863,0.980499
0.645187,0.977377
0.637899,0.981288
0.613417,0.958595
0.64646,0.97974
0.633988,0.982728
0.622847,0.976682
0.588113,0.977378
0.57583,0.988283
0.561944,0.969485
0.577773,0.970258
0.543623,0.980262
0.508806,0.966574
0.380728,0.959201
0.426707,0.911337
0.408843,0.943255
0.454058,0.92612
0.444559,0.930975
0.458965,0.919077
0.468897,0.938704
0.509754,0.931839
0.493001,0.928092
0.502207,0.91736
0.545488,0.924746
0.476308,0.922158
0.50949,0.91532
0.52294,0.912521
0.493769,0.937642
0.510248,0.910296
0.520389,0.942455
0.494224,0.932509
0.472675,0.920902
0.454067,0.934047
0.506606,0.933286
0.593337,0.917663
0.590434,0.92257
0.589909,0.901969
0.584214,0.929962
0.572425,0.921878
0.608103,0
0.607698,0
0.577881,0.939464
0.570235,0.968418
0.525748,0.961794
0.546843,0.981769
0.565763,0.985069
0.554575,0.948051
0.50444,0.958532
0.557344,0.944516
0.484268,0.945668
0.551545,0.924221
0.567134,0.927867
0.481801,0.927956
0.520409,0.934716
0.510481,0.924725
0.51217,0.936469
0.521242,0.892102
0.545738,0.885065
0.544654,0.935874
0.473265,0.929752
0.5165,0.93704
0.495382,0.916073
0.486854,0.921171
0.472402,0.92211
0.486485,0.933224
0.535859,0.958593
0.556784,0.92193
0.535125,0.909848
0.512369,0.901011
0.487533,0.935616
0.550524,0.95102
0.552343,0.934406
0.48905,0.930034
0.505615,0.956985
0.551156,0.972732
0.550669,0.960553
0.531513,0.944671
0.555794,0.960066
0.566037,0.943943
0.604608,0.975828
0.630507,0.980084
0.618992,0.980274
0.607528,0.979527
0.596461,0.980137
0.615602,0.982625
0.612812,0.970493
0.602152,0.964247
0.628108,0.969207
0.614489,0.979387
0.592709,0.976508
0.563708,0.973874
0.57334,0.953127
0.565821,0.97511
0.581707,0.978588
0.585859,0.967461
0.586989,0.968898
0.549215,0.95018
0.548542,0.977629
0.54605,0.911779
0.571018,0.761255
0.607206,0.446574
0.597952,0.720578
0.604467,0.761065
0.51592,0.738698
0.492498,0.929129
0.515819,0.950348
0.522686,0.950651
0.551083,0.940676
0.545971,0.937618
0.512464,0.938829
0.533698,0.963195
0.540183,0.965653
0.585872,0.979408
0.575527,0.981089
0.569126,0.965165
0.577617,0.980918
0.545349,0.957083
0.53495,0.962062
0.557208,0.952876
0.535327,0.982489
0.534752,0.943775
0.52195,0.96328
0.539301,0.949495
0.512197,0.949366
0.534063,0.955862
0.589382,0.970545
0.571435,0.952728
0.605258,0.968215
0.619781,0.970682
0.550051,0.954211
0.507977,0.982444
0.537446,0.977688
0.54975,0.979799
0.568152,0.983344
0.494145,0.980905
0.435783,0.976263
0.427742,0.958683
0.352543,0.935241
0,0
0,0
0,0
0,0
0,0
0.390579,0.592082
0.403933,0.628965
0.444243,0.733092
0.394326,0.608391
0.469619,0.70516
0.490404,0.754302
0.613492,0
0.582777,0.737766
0.608927,0.643113
0.623011,0.959408
0.626777,0.975649
0.645622,0.970356
0.607057,0.944893
0.64343,0.976023
0.652136,0.978317
0.645838,0.978847
0.653656,0.981733
0.65016,0.974792
0.648228,0.977579
0.649511,0.978399
0.618239,0.972928
0.61469,0.973276
0.638448,0.946797
0.624763,0.958941
0.608384,0.973619
0.629807,0.977325
0.563932,0.956005
0.566731,0.959183
0.561594,0.954991
0.562124,0.977069
0.589025,0.977326
0.541221,0.948109
0.578071,0.967243
0.574298,0.980461
0.569367,0.969169
0.589755,0.971064
0.527857,0.973241
0.502932,0.962257
0.458254,0.940882
0.469879,0.949644
0.489147,0.972405
0.499675,0.954655
0,0
0,0
0,0
0,0
0,0
0,0
0,0
0,0
0,0
0,0
0.219418,0.675068
0.380973,0.70612
0.40779,0.624919
0.61456,0
0.612726,0
0.534302,0.583237
0.587928,0.794682
0.527569,0.928288
0.415204,0.782548
0.496542,0.95813
0.478776,0.924557
0.501713,0.870696
0.547299,0.933387
0.491358,0.923907
0.518757,0.921213
0.53919,0.935648
0.545847,0.976147
0.533639,0.980518
0.587053,0.93873
0.523742,0.942073
0.519581,0.956253
0.529107,0.928869
0.549665,0.954078
0.563344,0.959581
0.587393,0.964869
0.54389,0.958138
0.514654,0.951861
0.461635,0.954649
0.499099,0.930617
0.500039,0.951826
0.559032,0.94325
0.503428,0.927655
0.497855,0.933626
0.501624,0.961286
0.484548,0.96063
0.513757,0.959968
0.479405,0.96177
0.530541,0.975376
0.496695,0.978143
0.48408,0.972027
0.451071,0.929877
0.43444,0
0.491077,0
0.467732,0.928261
0.571366,0.929527
0.622383,0.974019
0.622916,0.976395
0.602307,0.972285
0.599878,0.964695
0.608227,0.958883
0.557844,0.965416
0.590755,0.968998
0.607556,0.97465
0.601427,0.965841
0.588996,0.965199
0.620023,0.961575
0.604398,0.965586
0.588336,0.950144
0.582273,0.973301
0.579399,0.953169
0.571382,0.95615
0.605201,0.96469
0.622607,0.964039
0.616969,0.967913
0.592394,0.942615
0.587253,0.949458
0.618957,0.962835
0.636344,0.966949
0.635459,0.965939
0.63672,0.965411
0.635798,0.970707
0.606894,0.960753
0.622546,0.97263
0.642092,0.979036
0.642635,0.974569
0.637652,0.973871
0.632354,0.968316
0.632345,0.968641
0.496185,0.945791
0.604819,0.976824
0.548288,0.975804
0.544719,0.955068
0.588411,0.940524
0.612488,0.965331
0.612542,0.970502
0.589165,0.938751
0.608434,0.970458
0.592237,0.938862
0.558766,0.943193
0.532923,0.894371
0.449571,0.94306
0.569922,0.969404
0.603343,0.936893
0.573236,0.896591
0.560865,0.937153
0.5769,0.920862
0.603777,0.924464
0.605176,0.911564
0.615873,0.921702
0.562453,0.956937
0.593497,0.444019
0.593923,0.440574
0.593733,0.403823
0.581661,0.909416
0.608497,0.933596
0.606484,0.928714
0.59519,0.925349
0.617539,0.94272
0.621585,0.941377
0.571004,0.951711
0.570347,0.957381
0.585342,0.934531
0.549549,0.918739
0.576708,0.950283
0.609435,0.921333
0.595497,0.935684
0.611545,0.91513
0.615875,0.911974
0.60429,0.925243
0.622072,0.946843
0.634173,0.956828
0.626361,0.938329
0.635551,0.951323
0.640166,0.967041
0.638861,0.957714
0.637162,0.960425
0.631467,0.954001
0.636782,0.964239
0.64036,0.965643
0.642455,0.966937
0.643833,0.734305
0.641509,0.689793
0.638726,0.784197
0.639239,0.687108
0.635999,0.94252
0.638907,0.970431
0.640913,0.973451
0.63005,0.952713
0.622258,0.960116
0.634983,0.967411
0.640033,0.970836
0.601336,0.955211
0.591171,0.93518
0.597279,0.937974
0.59211,0.948641
0.60092,0.948733
0.629717,0.965984
0.619418,0.962331
0.583073,0.959937
0.620659,0.964398
0.605895,0.944052
0.60115,0.960668
0.611382,0.967504
0.607326,0.95673
0.630168,0.96051
0.607145,0.959476
0.530327,0.954204
0.610194,0.953701
0.626034,0.951499
0.592964,0.947805
0.558893,0.932659
0.554792,0.946822
0.629668,0.96728
0.631168,0.963567
0.598884,0.948655
0.621864,0.968832
0.634779,0.970447
0.640206,0.96248
0.645252,0.962962
0.630438,0.96453
0.578237,0.950867
0.585047,0.962389
0.606962,0.953217
0.605302,0.967855
0.590242,0.959795
0.589597,0.945534
0.583121,0.93971
0.588186,0.960313
0.599564,0.958419
0.618273,0.961573
0.609151,0.957493
0.60459,0.954719
0.615012,0.91448
0.624872,0.958847
0.627338,0.971487
0.604809,0.956495
0.62355,0.975159
0.625508,0.971919
0.624186,0.96708
0.611926,0.969981
0.578579,0.952337
0.564323,0.971231
0.580979,0.964003
0.584721,0.95425
0.480572,0.961674
0.516784,0.939692
0.611498,0.939533
0.338379,0
0.43444,0
0.491077,0
0.479843,0.957902
0.639404,0.668581
0.639702,0.647057
0.640481,0.63865
0.611227,0.770896
0.585643,0.941197
0.593071,0.968203
0.516704,0.852789
0.480937,0.928298
0.552269,0.833452
0.593534,0.93764
0.611725,0.935441
0.614247,0.956306
0.610701,0.946679
0.623788,0.95012
0.610219,0.954835
0.610911,0.924179
0.613784,0.951568
0.573008,0.899506
0.590809,0.926132
0.600282,0.872249
0.619613,0.453301
0.597928,0.450504
0.601763,0.448113
0.410858,0.801612
0,0
0,0
0,0
0,0
0,0
0,0
0,0
0,0
0,0
0,0
0,0
0,0
0,0
0,0
0,0
0,0
0,0
0,0
0,0
0,0
0,0
0,0
0,0
0,0
0,0
0,0
0,0
0,0
0,0
0.168357,0.815509
0.554233,0
